activity_id,user_id,date,steps,calories_total,active_minutes,goal_steps,goal_hit,min_sedentary,min_low,min_medium,min_high,workout_detected,workout_type,workout_duration_min,workout_calories
1,1,2026-02-21,10152,2041,75,10000,1,730,283,266,174,1,Run,20.0,290.0
2,1,2026-02-22,10087,1953,79,10000,1,726,287,255,168,0,,,
3,1,2026-02-23,9529,1971,68,10000,0,726,280,265,174,0,,,
4,1,2026-02-24,11495,2180,93,10000,1,708,312,245,182,1,Yoga,43.0,343.0
5,1,2026-02-25,1695,1519,26,10000,0,694,284,246,186,0,,,
6,1,2026-02-26,10549,2184,83,10000,1,726,291,269,168,0,,,
7,1,2026-02-27,12174,1990,96,10000,1,706,303,259,175,1,Strength,35.0,367.0
8,1,2026-02-28,9303,2017,63,10000,0,733,292,256,176,1,Yoga,34.0,348.0
9,1,2026-03-01,13238,2269,102,10000,1,711,287,251,188,1,Run,56.0,391.0
10,1,2026-03-02,8414,2115,62,10000,0,717,295,264,186,0,,,
11,1,2026-03-03,7950,1806,72,10000,0,724,276,257,192,0,,,
12,1,2026-03-04,2985,1720,28,10000,0,722,286,247,179,0,,,
13,1,2026-03-05,11958,2061,88,10000,1,728,281,257,180,1,Cycling,74.0,375.0
14,1,2026-03-06,10793,2058,74,10000,1,710,276,270,164,1,Cycling,61.0,261.0
15,1,2026-03-07,10188,1682,75,10000,1,731,276,266,163,0,,,
16,1,2026-03-08,9593,1898,80,10000,0,722,288,274,179,1,Run,43.0,356.0
17,1,2026-03-09,9026,1967,48,10000,0,714,269,268,153,1,Walk,23.0,350.0
18,1,2026-03-10,11499,2168,84,10000,1,705,278,263,183,0,,,
19,1,2026-03-11,11815,1995,92,10000,1,711,288,262,189,0,,,
20,1,2026-03-12,8624,2056,73,10000,0,728,293,272,161,0,,,
21,1,2026-03-13,11011,1750,70,10000,1,716,300,248,187,0,,,
22,1,2026-03-14,11232,1997,63,10000,1,714,279,262,174,0,,,
23,1,2026-03-15,9766,1842,87,10000,0,722,284,261,191,1,Run,55.0,370.0
24,1,2026-03-16,11252,2083,73,10000,1,743,296,242,165,1,Cycling,57.0,444.0
25,1,2026-03-17,10664,1990,78,10000,1,718,282,259,181,1,Cycling,34.0,281.0
26,1,2026-03-18,7578,1831,46,10000,0,721,298,257,175,0,,,
27,1,2026-03-19,9020,2125,75,10000,0,706,283,249,174,1,Run,31.0,330.0
28,1,2026-03-20,3063,1760,36,10000,0,716,281,251,179,0,,,
29,1,2026-03-21,10829,1947,91,10000,1,726,281,270,184,1,Yoga,31.0,423.0
30,1,2026-03-22,10191,2179,82,10000,1,731,285,265,181,1,Strength,59.0,371.0
31,1,2026-03-23,10328,1957,79,10000,1,711,304,259,168,1,Cycling,41.0,479.0
32,1,2026-03-24,10231,2038,83,10000,1,716,284,251,180,0,,,
33,1,2026-03-25,10984,1926,70,10000,1,713,284,235,170,0,,,
34,1,2026-03-26,9916,1892,77,10000,0,735,297,264,167,0,,,
35,1,2026-03-27,11679,1901,95,10000,1,727,294,262,170,1,Yoga,32.0,354.0
36,1,2026-03-28,12459,2151,110,10000,1,700,287,256,163,1,Run,20.0,222.0
37,1,2026-03-29,3114,1807,16,10000,0,713,286,277,171,0,,,
38,1,2026-03-30,11546,1987,65,10000,1,706,280,251,184,1,Strength,51.0,368.0
39,1,2026-03-31,12782,2011,100,10000,1,732,286,249,157,0,,,
40,1,2026-04-01,8834,1903,61,10000,0,712,288,256,170,0,,,
41,1,2026-04-02,12083,2103,79,10000,1,718,285,265,175,0,,,
42,1,2026-04-03,1938,1757,2,10000,0,704,283,246,160,0,,,
43,1,2026-04-04,10293,2090,73,10000,1,715,282,267,169,1,Run,20.0,346.0
44,1,2026-04-05,7229,1725,52,10000,0,721,282,250,187,0,,,
45,1,2026-04-06,11035,2040,98,10000,1,717,283,264,155,1,Run,31.0,434.0
46,1,2026-04-07,10925,2063,85,10000,1,727,287,261,182,0,,,
47,1,2026-04-08,9965,2101,83,10000,0,714,292,246,170,0,,,
48,1,2026-04-09,10394,2059,75,10000,1,715,287,250,172,0,,,
49,1,2026-04-10,11118,1782,73,10000,1,720,285,236,192,0,,,
50,1,2026-04-11,7635,1901,51,10000,0,726,277,260,150,0,,,
51,1,2026-04-12,10602,1974,92,10000,1,712,272,266,176,1,Run,28.0,291.0
52,1,2026-04-13,9500,1863,68,10000,0,727,294,243,166,1,Cycling,50.0,369.0
53,1,2026-04-14,10006,1876,76,10000,1,708,273,258,170,0,,,
54,1,2026-04-15,2291,1491,13,10000,0,725,284,242,168,0,,,
55,1,2026-04-16,10021,1762,79,10000,1,719,308,255,165,1,Run,53.0,406.0
56,1,2026-04-17,9576,2075,76,10000,0,703,293,247,186,1,Strength,67.0,286.0
57,1,2026-04-18,13619,2109,116,10000,1,716,291,263,163,0,,,
58,1,2026-04-19,11222,2241,77,10000,1,743,294,263,171,1,Walk,45.0,339.0
59,1,2026-04-20,11044,1962,84,10000,1,712,287,235,177,1,Strength,48.0,235.0
60,1,2026-04-21,10566,1936,84,10000,1,733,285,278,173,0,,,
61,1,2026-04-22,10414,2064,76,10000,1,735,283,237,181,0,,,
62,1,2026-04-23,9315,1871,80,10000,0,726,290,261,161,0,,,
63,1,2026-04-24,14139,2232,113,10000,1,713,300,258,170,1,Run,42.0,344.0
64,1,2026-04-25,11358,1907,88,10000,1,716,286,243,176,1,Walk,54.0,389.0
65,1,2026-04-26,11104,2041,86,10000,1,736,296,268,170,0,,,
66,1,2026-04-27,9637,1859,83,10000,0,720,282,255,152,0,,,
67,1,2026-04-28,2333,1522,6,10000,0,707,277,265,167,0,,,
68,1,2026-04-29,9666,2170,82,10000,0,717,296,257,181,0,,,
69,1,2026-04-30,10444,2088,70,10000,1,706,285,249,172,0,,,
70,1,2026-05-01,11808,2018,94,10000,1,702,293,244,193,1,Run,33.0,299.0
71,1,2026-05-02,12903,2046,80,10000,1,719,300,258,175,0,,,
72,1,2026-05-03,11956,2120,75,10000,1,741,271,260,171,0,,,
73,1,2026-05-04,9488,1791,84,10000,0,722,294,267,192,1,Walk,72.0,375.0
74,1,2026-05-05,12724,2183,105,10000,1,718,291,248,185,0,,,
75,1,2026-05-06,6511,1904,36,10000,0,723,281,255,182,0,,,
76,1,2026-05-07,9727,1905,77,10000,0,729,278,249,174,0,,,
77,1,2026-05-08,10741,1918,91,10000,1,721,273,238,161,0,,,
78,1,2026-05-09,10553,1870,79,10000,1,715,305,246,176,0,,,
79,1,2026-05-10,13249,2035,86,10000,1,722,289,271,178,1,Run,25.0,360.0
80,1,2026-05-11,12012,1984,106,10000,1,724,277,249,166,0,,,
81,1,2026-05-12,9413,1896,70,10000,0,741,288,277,161,1,Strength,62.0,490.0
82,1,2026-05-13,10004,2080,65,10000,1,712,281,231,173,0,,,
83,1,2026-05-14,12088,2082,94,10000,1,712,281,272,180,0,,,
84,1,2026-05-15,10580,2045,60,10000,1,729,296,251,185,1,Strength,45.0,325.0
85,1,2026-05-16,10834,2012,83,10000,1,721,281,269,168,1,Run,39.0,429.0
86,1,2026-05-17,3303,1585,9,10000,0,721,281,254,187,0,,,
87,1,2026-05-18,10361,1968,80,10000,1,721,280,276,201,0,,,
88,1,2026-05-19,10865,1891,72,10000,1,708,292,254,147,1,Walk,65.0,379.0
89,1,2026-05-20,12179,2015,97,10000,1,719,273,256,179,0,,,
90,1,2026-05-21,11055,2120,84,10000,1,734,295,272,160,1,Run,47.0,495.0
91,2,2026-02-21,11616,2145,77,10000,1,730,278,253,180,1,Yoga,61.0,433.0
92,2,2026-02-22,8336,1742,59,10000,0,714,290,270,169,0,,,
93,2,2026-02-23,12196,2175,82,10000,1,725,279,246,172,0,,,
94,2,2026-02-24,11961,1841,77,10000,1,715,292,256,166,1,Strength,63.0,306.0
95,2,2026-02-25,1512,1587,12,10000,0,723,288,255,161,0,,,
96,2,2026-02-26,10487,1843,77,10000,1,726,284,269,162,0,,,
97,2,2026-02-27,9639,1696,84,10000,0,716,285,257,182,0,,,
98,2,2026-02-28,10791,2123,82,10000,1,714,291,264,167,0,,,
99,2,2026-03-01,13701,2361,99,10000,1,727,301,250,167,1,Yoga,24.0,472.0
100,2,2026-03-02,12955,2268,105,10000,1,722,288,259,166,1,Run,28.0,320.0
101,2,2026-03-03,10253,2035,100,10000,1,724,299,259,189,0,,,
102,2,2026-03-04,14214,2078,103,10000,1,722,292,266,177,1,Strength,51.0,498.0
103,2,2026-03-05,9968,1981,79,10000,0,706,272,264,183,1,Yoga,66.0,455.0
104,2,2026-03-06,12872,2045,99,10000,1,722,273,260,158,1,Strength,20.0,415.0
105,2,2026-03-07,10072,1957,83,10000,1,716,300,258,182,1,Strength,52.0,480.0
106,2,2026-03-08,11010,1845,84,10000,1,723,263,269,167,0,,,
107,2,2026-03-09,10499,2080,80,10000,1,718,292,255,164,1,Run,54.0,338.0
108,2,2026-03-10,14805,2078,120,10000,1,723,277,262,178,1,Yoga,54.0,462.0
109,2,2026-03-11,8283,1912,60,10000,0,721,294,250,164,0,,,
110,2,2026-03-12,12704,2398,97,10000,1,730,281,264,166,0,,,
111,2,2026-03-13,13982,2271,112,10000,1,720,291,276,171,1,Strength,42.0,371.0
112,2,2026-03-14,9769,1752,60,10000,0,733,294,267,178,1,Run,47.0,466.0
113,2,2026-03-15,12002,2062,100,10000,1,732,289,272,201,0,,,
114,2,2026-03-16,10525,2102,81,10000,1,721,285,264,167,0,,,
115,2,2026-03-17,13715,1993,124,10000,1,720,297,251,172,0,,,
116,2,2026-03-18,12709,2094,82,10000,1,727,280,270,174,0,,,
117,2,2026-03-19,11075,2249,73,10000,1,718,296,249,157,1,Run,20.0,260.0
118,2,2026-03-20,12526,1912,97,10000,1,710,283,257,170,1,Walk,72.0,380.0
119,2,2026-03-21,11098,2006,90,10000,1,722,283,265,175,1,Yoga,45.0,292.0
120,2,2026-03-22,10823,1877,80,10000,1,711,288,254,173,1,Strength,39.0,356.0
121,2,2026-03-23,11306,2077,76,10000,1,717,288,262,175,0,,,
122,2,2026-03-24,12066,1952,104,10000,1,728,285,259,173,0,,,
123,2,2026-03-25,9916,1747,67,10000,0,700,276,270,177,1,Run,63.0,446.0
124,2,2026-03-26,13981,2143,98,10000,1,712,279,272,172,0,,,
125,2,2026-03-27,7140,1872,59,10000,0,711,280,264,196,0,,,
126,2,2026-03-28,2764,1582,23,10000,0,725,286,254,179,0,,,
127,2,2026-03-29,7628,1759,56,10000,0,721,291,259,166,0,,,
128,2,2026-03-30,10952,2038,94,10000,1,725,280,253,189,0,,,
129,2,2026-03-31,10406,2014,92,10000,1,710,283,243,169,1,Cycling,71.0,359.0
130,2,2026-04-01,2326,1559,16,10000,0,717,281,261,173,0,,,
131,2,2026-04-02,8788,1912,65,10000,0,722,295,266,181,0,,,
132,2,2026-04-03,11383,1907,89,10000,1,718,304,268,166,0,,,
133,2,2026-04-04,11381,1990,85,10000,1,722,280,253,184,0,,,
134,2,2026-04-05,9020,1856,61,10000,0,711,289,244,162,1,Yoga,33.0,383.0
135,2,2026-04-06,11676,2139,88,10000,1,718,298,265,171,0,,,
136,2,2026-04-07,11313,2045,80,10000,1,722,282,250,182,1,Strength,57.0,314.0
137,2,2026-04-08,8613,1655,74,10000,0,729,283,271,172,0,,,
138,2,2026-04-09,11035,1991,86,10000,1,715,290,276,190,0,,,
139,2,2026-04-10,10918,1934,78,10000,1,719,279,260,175,1,Run,55.0,374.0
140,2,2026-04-11,2630,1693,20,10000,0,726,292,266,152,0,,,
141,2,2026-04-12,11791,1867,86,10000,1,733,280,258,181,0,,,
142,2,2026-04-13,10748,2096,88,10000,1,722,271,260,173,1,Cycling,45.0,355.0
143,2,2026-04-14,10367,1990,82,10000,1,705,300,260,170,0,,,
144,2,2026-04-15,11934,2140,105,10000,1,728,286,247,189,1,Run,20.0,377.0
145,2,2026-04-16,8574,1882,80,10000,0,708,290,250,155,0,,,
146,2,2026-04-17,9542,1825,79,10000,0,737,293,265,181,0,,,
147,2,2026-04-18,13207,2218,110,10000,1,711,295,249,169,1,Strength,35.0,438.0
148,2,2026-04-19,12947,2183,81,10000,1,731,305,259,173,0,,,
149,2,2026-04-20,9957,1810,93,10000,0,730,280,253,194,1,Run,38.0,241.0
150,2,2026-04-21,11524,1908,67,10000,1,717,277,259,163,1,Cycling,70.0,389.0
151,2,2026-04-22,9412,2088,101,10000,0,736,285,264,179,1,Yoga,48.0,309.0
152,2,2026-04-23,8148,1920,57,10000,0,721,295,272,175,0,,,
153,2,2026-04-24,10863,2091,90,10000,1,727,295,247,179,1,Cycling,20.0,379.0
154,2,2026-04-25,14244,2186,97,10000,1,701,279,273,176,1,Walk,53.0,409.0
155,2,2026-04-26,12648,2113,94,10000,1,714,279,240,178,1,Strength,46.0,442.0
156,2,2026-04-27,9892,2039,77,10000,0,717,284,244,159,1,Cycling,45.0,186.0
157,2,2026-04-28,11790,1765,109,10000,1,714,295,260,182,0,,,
158,2,2026-04-29,11231,2032,101,10000,1,712,288,265,156,1,Cycling,90.0,516.0
159,2,2026-04-30,14551,2131,120,10000,1,716,288,273,172,1,Run,34.0,419.0
160,2,2026-05-01,8712,1827,60,10000,0,729,294,255,156,0,,,
161,2,2026-05-02,13361,1979,105,10000,1,727,297,249,177,1,Strength,31.0,289.0
162,2,2026-05-03,11977,2159,91,10000,1,725,282,252,166,1,Run,27.0,421.0
163,2,2026-05-04,10108,1937,85,10000,1,720,272,271,166,0,,,
164,2,2026-05-05,9494,2018,76,10000,0,722,291,261,172,1,Yoga,60.0,415.0
165,2,2026-05-06,11744,1949,100,10000,1,710,287,243,171,1,Run,45.0,416.0
166,2,2026-05-07,13896,2147,106,10000,1,715,288,258,164,1,Yoga,55.0,341.0
167,2,2026-05-08,11541,1995,83,10000,1,699,289,262,172,1,Strength,40.0,298.0
168,2,2026-05-09,10577,1989,75,10000,1,715,282,252,174,1,Yoga,40.0,345.0
169,2,2026-05-10,12627,2001,76,10000,1,704,276,258,171,0,,,
170,2,2026-05-11,10916,1964,90,10000,1,715,269,271,173,0,,,
171,2,2026-05-12,6452,1809,74,10000,0,723,285,261,165,0,,,
172,2,2026-05-13,13666,2147,102,10000,1,717,277,260,164,0,,,
173,2,2026-05-14,11088,2088,92,10000,1,740,301,270,169,1,Yoga,52.0,371.0
174,2,2026-05-15,14017,2069,84,10000,1,723,265,262,187,0,,,
175,2,2026-05-16,12099,2201,92,10000,1,697,299,256,164,0,,,
176,2,2026-05-17,9598,1917,65,10000,0,721,291,268,193,1,Cycling,69.0,433.0
177,2,2026-05-18,11466,1961,90,10000,1,734,285,260,170,1,Strength,49.0,309.0
178,2,2026-05-19,11891,1757,100,10000,1,706,296,252,179,1,Cycling,31.0,396.0
179,2,2026-05-20,11292,2157,74,10000,1,720,277,258,170,1,Strength,22.0,182.0
180,2,2026-05-21,3146,1771,15,10000,0,708,269,265,173,0,,,
181,3,2026-02-21,10709,1669,67,10000,1,727,308,268,176,0,,,
182,3,2026-02-22,13872,1883,85,10000,1,733,287,261,154,1,Run,48.0,318.0
183,3,2026-02-23,11200,1877,90,10000,1,716,289,259,181,1,Walk,45.0,263.0
184,3,2026-02-24,14889,2149,118,10000,1,737,306,253,175,0,,,
185,3,2026-02-25,13021,2021,103,10000,1,724,288,260,171,0,,,
186,3,2026-02-26,9147,1839,77,10000,0,721,281,261,169,0,,,
187,3,2026-02-27,10199,2102,72,10000,1,724,287,263,166,0,,,
188,3,2026-02-28,9323,1728,60,10000,0,725,273,256,178,1,Cycling,47.0,358.0
189,3,2026-03-01,10877,1885,107,10000,1,707,291,280,170,1,Yoga,20.0,303.0
190,3,2026-03-02,9999,2039,81,10000,0,715,286,256,163,0,,,
191,3,2026-03-03,7897,1884,53,10000,0,727,302,270,177,0,,,
192,3,2026-03-04,8875,1862,82,10000,0,725,296,253,181,0,,,
193,3,2026-03-05,12602,2030,89,10000,1,716,287,251,163,1,Yoga,32.0,274.0
194,3,2026-03-06,7070,1838,56,10000,0,719,283,243,182,0,,,
195,3,2026-03-07,9420,1883,78,10000,0,726,278,249,163,0,,,
196,3,2026-03-08,10548,1868,83,10000,1,742,282,254,178,0,,,
197,3,2026-03-09,9496,2048,66,10000,0,714,282,272,160,1,Run,44.0,328.0
198,3,2026-03-10,12720,2122,102,10000,1,718,271,245,159,0,,,
199,3,2026-03-11,9293,1915,72,10000,0,712,304,265,173,1,Run,50.0,312.0
200,3,2026-03-12,10219,1679,82,10000,1,725,304,251,164,1,Strength,58.0,301.0
201,3,2026-03-13,9103,1738,73,10000,0,735,289,252,185,0,,,
202,3,2026-03-14,9174,1861,73,10000,0,720,298,253,171,1,Walk,44.0,317.0
203,3,2026-03-15,8617,1691,90,10000,0,727,289,257,170,0,,,
204,3,2026-03-16,9656,1983,81,10000,0,707,302,253,177,1,Strength,51.0,398.0
205,3,2026-03-17,9196,1966,75,10000,0,715,308,246,187,0,,,
206,3,2026-03-18,8303,1986,45,10000,0,703,283,261,188,0,,,
207,3,2026-03-19,12061,1946,104,10000,1,719,286,265,151,0,,,
208,3,2026-03-20,8549,1745,67,10000,0,722,305,261,158,0,,,
209,3,2026-03-21,12696,1936,96,10000,1,711,293,257,189,1,Cycling,55.0,318.0
210,3,2026-03-22,3358,1791,32,10000,0,729,299,264,183,0,,,
211,3,2026-03-23,13284,2045,108,10000,1,725,285,246,175,0,,,
212,3,2026-03-24,11572,2097,86,10000,1,729,288,254,170,1,Run,55.0,377.0
213,3,2026-03-25,11563,2053,107,10000,1,734,297,266,166,0,,,
214,3,2026-03-26,12199,2161,113,10000,1,718,298,268,177,1,Run,52.0,386.0
215,3,2026-03-27,11286,1942,96,10000,1,706,267,274,177,1,Yoga,56.0,372.0
216,3,2026-03-28,11250,2010,85,10000,1,708,300,278,169,0,,,
217,3,2026-03-29,7382,1731,43,10000,0,709,290,265,152,0,,,
218,3,2026-03-30,10771,2091,68,10000,1,716,281,247,169,1,Run,45.0,300.0
219,3,2026-03-31,10423,1946,84,10000,1,722,290,243,185,1,Yoga,44.0,364.0
220,3,2026-04-01,6490,1798,23,10000,0,733,280,262,170,0,,,
221,3,2026-04-02,12333,1968,93,10000,1,734,279,270,158,0,,,
222,3,2026-04-03,10442,1967,71,10000,1,737,282,265,183,0,,,
223,3,2026-04-04,11760,2123,90,10000,1,706,291,269,161,0,,,
224,3,2026-04-05,10254,2134,67,10000,1,727,284,252,163,1,Run,35.0,389.0
225,3,2026-04-06,12755,1929,90,10000,1,736,307,266,180,0,,,
226,3,2026-04-07,11051,2033,82,10000,1,736,293,273,175,1,Run,46.0,299.0
227,3,2026-04-08,12077,1855,107,10000,1,729,292,256,175,1,Cycling,55.0,403.0
228,3,2026-04-09,11177,1846,97,10000,1,723,282,250,167,1,Strength,20.0,441.0
229,3,2026-04-10,2357,1528,20,10000,0,709,289,253,167,0,,,
230,3,2026-04-11,9929,2002,68,10000,0,712,298,242,165,1,Walk,66.0,369.0
231,3,2026-04-12,9225,1816,75,10000,0,738,276,266,183,0,,,
232,3,2026-04-13,10176,1912,76,10000,1,731,287,253,173,0,,,
233,3,2026-04-14,7519,1932,56,10000,0,715,289,266,186,0,,,
234,3,2026-04-15,10976,2169,74,10000,1,737,288,240,171,1,Cycling,22.0,336.0
235,3,2026-04-16,9888,2016,83,10000,0,712,279,267,156,1,Run,61.0,405.0
236,3,2026-04-17,9082,1865,68,10000,0,712,294,267,150,0,,,
237,3,2026-04-18,11498,2173,88,10000,1,727,295,264,169,0,,,
238,3,2026-04-19,10723,1952,70,10000,1,712,285,249,167,0,,,
239,3,2026-04-20,11975,2144,101,10000,1,725,289,262,184,0,,,
240,3,2026-04-21,10543,2138,74,10000,1,716,288,268,181,1,Walk,41.0,229.0
241,3,2026-04-22,8137,2026,57,10000,0,722,288,253,174,0,,,
242,3,2026-04-23,12427,2015,95,10000,1,725,283,251,174,1,Yoga,37.0,242.0
243,3,2026-04-24,8588,1901,74,10000,0,710,310,255,187,0,,,
244,3,2026-04-25,9541,1885,54,10000,0,717,274,261,160,0,,,
245,3,2026-04-26,10487,2053,69,10000,1,719,254,261,169,0,,,
246,3,2026-04-27,12445,1935,97,10000,1,706,281,271,173,1,Strength,47.0,418.0
247,3,2026-04-28,11667,1751,103,10000,1,722,304,245,171,1,Cycling,60.0,340.0
248,3,2026-04-29,14080,2242,108,10000,1,709,302,252,188,0,,,
249,3,2026-04-30,13323,2230,94,10000,1,701,310,254,184,0,,,
250,3,2026-05-01,9702,1857,69,10000,0,725,287,265,169,1,Run,75.0,368.0
251,3,2026-05-02,2381,1711,8,10000,0,707,288,256,178,0,,,
252,3,2026-05-03,14308,2266,98,10000,1,696,273,226,193,1,Walk,48.0,276.0
253,3,2026-05-04,9452,1842,69,10000,0,723,293,266,185,1,Run,32.0,318.0
254,3,2026-05-05,11335,1922,106,10000,1,715,280,270,162,1,Cycling,34.0,396.0
255,3,2026-05-06,12430,2068,91,10000,1,713,275,265,181,0,,,
256,3,2026-05-07,9229,1764,72,10000,0,706,299,269,177,1,Walk,57.0,354.0
257,3,2026-05-08,8419,2000,78,10000,0,728,287,246,167,0,,,
258,3,2026-05-09,9142,2062,70,10000,0,714,291,263,175,1,Cycling,29.0,433.0
259,3,2026-05-10,9975,2101,80,10000,0,723,292,235,170,0,,,
260,3,2026-05-11,10733,1937,74,10000,1,707,279,264,185,0,,,
261,3,2026-05-12,11251,2081,62,10000,1,721,277,270,171,1,Strength,60.0,400.0
262,3,2026-05-13,11857,2152,85,10000,1,718,276,266,152,0,,,
263,3,2026-05-14,6204,1921,44,10000,0,708,279,251,185,0,,,
264,3,2026-05-15,12583,1988,91,10000,1,730,282,258,177,0,,,
265,3,2026-05-16,10960,1935,84,10000,1,722,286,259,157,0,,,
266,3,2026-05-17,11625,2133,89,10000,1,702,284,257,180,1,Strength,52.0,297.0
267,3,2026-05-18,7938,1911,56,10000,0,713,281,265,156,0,,,
268,3,2026-05-19,7912,1850,64,10000,0,705,299,267,177,0,,,
269,3,2026-05-20,11470,1883,95,10000,1,712,294,265,178,0,,,
270,3,2026-05-21,11467,1941,92,10000,1,739,274,266,181,0,,,
271,4,2026-02-21,13168,2141,105,10000,1,717,300,243,167,0,,,
272,4,2026-02-22,11304,2073,79,10000,1,717,284,255,168,1,Walk,38.0,212.0
273,4,2026-02-23,12117,2223,98,10000,1,723,296,260,182,1,Cycling,58.0,357.0
274,4,2026-02-24,2783,1819,29,10000,0,723,292,259,172,0,,,
275,4,2026-02-25,10396,2039,74,10000,1,713,270,264,156,1,Run,33.0,397.0
276,4,2026-02-26,10037,2080,67,10000,1,737,275,268,168,0,,,
277,4,2026-02-27,10700,1956,76,10000,1,718,255,240,176,0,,,
278,4,2026-02-28,9063,1697,66,10000,0,728,287,255,172,1,Cycling,46.0,471.0
279,4,2026-03-01,14239,2037,128,10000,1,731,282,261,172,1,Run,40.0,359.0
280,4,2026-03-02,12514,1965,96,10000,1,706,305,259,181,0,,,
281,4,2026-03-03,11713,2272,84,10000,1,718,279,258,179,0,,,
282,4,2026-03-04,11408,2155,87,10000,1,709,296,257,181,0,,,
283,4,2026-03-05,11123,2094,76,10000,1,716,275,261,158,1,Strength,57.0,261.0
284,4,2026-03-06,11850,2149,100,10000,1,722,290,256,163,0,,,
285,4,2026-03-07,9162,1890,70,10000,0,720,297,251,164,1,Cycling,26.0,311.0
286,4,2026-03-08,10962,2153,80,10000,1,711,292,263,166,0,,,
287,4,2026-03-09,9981,1895,85,10000,0,718,293,248,179,0,,,
288,4,2026-03-10,11747,1910,78,10000,1,735,280,266,173,1,Cycling,29.0,307.0
289,4,2026-03-11,8768,1854,54,10000,0,703,279,261,172,0,,,
290,4,2026-03-12,10844,1964,82,10000,1,716,275,239,166,1,Strength,53.0,364.0
291,4,2026-03-13,12902,2139,94,10000,1,722,294,265,180,1,Cycling,39.0,311.0
292,4,2026-03-14,11856,1872,93,10000,1,725,290,262,161,1,Strength,31.0,242.0
293,4,2026-03-15,2517,1373,19,10000,0,697,295,253,151,0,,,
294,4,2026-03-16,10951,1899,86,10000,1,726,289,262,172,1,Run,25.0,469.0
295,4,2026-03-17,11989,2008,110,10000,1,717,285,265,169,1,Walk,72.0,365.0
296,4,2026-03-18,9285,1836,68,10000,0,726,275,280,154,1,Cycling,35.0,335.0
297,4,2026-03-19,11169,1991,70,10000,1,715,276,252,173,0,,,
298,4,2026-03-20,9742,2006,87,10000,0,725,277,241,175,0,,,
299,4,2026-03-21,9758,1764,76,10000,0,735,283,265,171,1,Cycling,25.0,408.0
300,4,2026-03-22,12734,1937,93,10000,1,720,275,246,172,0,,,
301,4,2026-03-23,9733,2055,79,10000,0,747,268,261,177,1,Strength,63.0,387.0
302,4,2026-03-24,9995,1812,67,10000,0,717,285,271,179,1,Walk,29.0,175.0
303,4,2026-03-25,9727,1783,57,10000,0,720,292,273,181,0,,,
304,4,2026-03-26,11471,2087,96,10000,1,719,276,241,181,0,,,
305,4,2026-03-27,11971,1797,97,10000,1,731,291,244,175,1,Strength,44.0,362.0
306,4,2026-03-28,10080,1952,74,10000,1,717,283,267,174,0,,,
307,4,2026-03-29,13995,2085,134,10000,1,724,297,265,179,1,Yoga,50.0,244.0
308,4,2026-03-30,12247,2076,101,10000,1,716,294,263,179,0,,,
309,4,2026-03-31,11381,1996,87,10000,1,711,299,268,183,1,Cycling,20.0,400.0
310,4,2026-04-01,10357,1978,88,10000,1,724,258,246,150,0,,,
311,4,2026-04-02,11076,2012,92,10000,1,707,273,259,190,1,Cycling,34.0,420.0
312,4,2026-04-03,10597,1959,62,10000,1,720,281,264,150,1,Run,52.0,367.0
313,4,2026-04-04,6055,1756,44,10000,0,734,276,252,153,0,,,
314,4,2026-04-05,10123,2034,88,10000,1,708,290,252,165,1,Walk,24.0,357.0
315,4,2026-04-06,13038,1786,88,10000,1,704,291,255,170,1,Cycling,56.0,470.0
316,4,2026-04-07,11497,1839,72,10000,1,711,285,246,161,1,Run,39.0,419.0
317,4,2026-04-08,9394,1717,72,10000,0,714,297,244,167,0,,,
318,4,2026-04-09,13371,2015,90,10000,1,706,303,260,174,0,,,
319,4,2026-04-10,8066,1993,73,10000,0,726,276,262,179,0,,,
320,4,2026-04-11,12607,2083,111,10000,1,724,285,273,175,1,Strength,20.0,507.0
321,4,2026-04-12,9214,1894,78,10000,0,706,306,262,177,1,Run,42.0,431.0
322,4,2026-04-13,13426,2110,101,10000,1,707,274,253,162,0,,,
323,4,2026-04-14,9997,1910,102,10000,0,735,285,261,159,1,Strength,56.0,275.0
324,4,2026-04-15,10809,2097,79,10000,1,735,292,252,177,1,Run,40.0,190.0
325,4,2026-04-16,13046,1955,106,10000,1,720,281,267,170,1,Yoga,36.0,360.0
326,4,2026-04-17,10589,1896,86,10000,1,704,295,265,178,0,,,
327,4,2026-04-18,11846,1938,82,10000,1,725,277,270,186,1,Run,45.0,420.0
328,4,2026-04-19,8735,1883,57,10000,0,712,280,259,182,0,,,
329,4,2026-04-20,10967,1889,86,10000,1,718,269,248,180,1,Yoga,61.0,337.0
330,4,2026-04-21,11282,2145,70,10000,1,715,310,258,172,0,,,
331,4,2026-04-22,12334,2001,99,10000,1,737,281,255,173,0,,,
332,4,2026-04-23,11670,1641,91,10000,1,731,284,253,171,1,Run,68.0,296.0
333,4,2026-04-24,12449,2187,81,10000,1,716,307,270,157,0,,,
334,4,2026-04-25,9454,1826,64,10000,0,712,284,257,172,1,Run,20.0,374.0
335,4,2026-04-26,8088,1773,66,10000,0,719,309,256,139,0,,,
336,4,2026-04-27,10607,2038,84,10000,1,711,302,241,160,1,Strength,49.0,402.0
337,4,2026-04-28,11248,2040,86,10000,1,706,284,280,175,1,Cycling,29.0,253.0
338,4,2026-04-29,9277,1840,84,10000,0,721,306,263,148,1,Yoga,48.0,288.0
339,4,2026-04-30,10564,1787,99,10000,1,710,290,249,210,1,Yoga,54.0,410.0
340,4,2026-05-01,10021,2248,73,10000,1,728,280,258,173,0,,,
341,4,2026-05-02,10213,1796,82,10000,1,731,282,234,172,0,,,
342,4,2026-05-03,13587,1999,92,10000,1,721,292,253,180,1,Walk,31.0,311.0
343,4,2026-05-04,8948,2032,72,10000,0,724,295,250,157,0,,,
344,4,2026-05-05,10640,2025,75,10000,1,722,289,266,181,1,Strength,62.0,472.0
345,4,2026-05-06,10246,1765,74,10000,1,717,285,258,149,1,Walk,56.0,421.0
346,4,2026-05-07,11565,2270,91,10000,1,713,290,262,167,1,Yoga,41.0,394.0
347,4,2026-05-08,7969,1901,65,10000,0,721,302,262,167,0,,,
348,4,2026-05-09,8851,1746,54,10000,0,735,293,260,166,0,,,
349,4,2026-05-10,11338,1916,95,10000,1,728,294,267,163,0,,,
350,4,2026-05-11,11299,1986,99,10000,1,702,290,258,160,1,Strength,46.0,392.0
351,4,2026-05-12,11314,2033,60,10000,1,706,289,265,175,1,Run,31.0,424.0
352,4,2026-05-13,8944,1976,82,10000,0,723,293,256,170,0,,,
353,4,2026-05-14,10663,1988,90,10000,1,727,285,273,169,1,Walk,67.0,384.0
354,4,2026-05-15,12009,1986,74,10000,1,725,280,253,162,0,,,
355,4,2026-05-16,11138,1919,71,10000,1,708,275,261,177,0,,,
356,4,2026-05-17,9602,1761,61,10000,0,723,308,248,169,1,Run,48.0,327.0
357,4,2026-05-18,9479,1848,77,10000,0,726,280,248,182,1,Cycling,30.0,301.0
358,4,2026-05-19,11181,2243,81,10000,1,713,306,274,177,0,,,
359,4,2026-05-20,8080,1729,80,10000,0,704,306,258,160,0,,,
360,4,2026-05-21,10785,2032,71,10000,1,715,301,259,192,1,Cycling,45.0,281.0
361,5,2026-02-21,10668,2127,82,10000,1,728,297,276,160,1,Strength,53.0,360.0
362,5,2026-02-22,8939,1762,71,10000,0,714,308,278,172,0,,,
363,5,2026-02-23,7932,1811,60,10000,0,733,277,280,183,0,,,
364,5,2026-02-24,9964,2054,64,10000,0,717,286,254,181,1,Run,34.0,305.0
365,5,2026-02-25,12258,2012,81,10000,1,730,301,266,174,1,Strength,24.0,410.0
366,5,2026-02-26,14001,1990,97,10000,1,725,289,270,179,1,Run,65.0,333.0
367,5,2026-02-27,10033,1961,79,10000,1,719,292,252,166,1,Cycling,69.0,448.0
368,5,2026-02-28,12651,1941,98,10000,1,718,281,247,172,0,,,
369,5,2026-03-01,11836,1971,95,10000,1,712,275,254,183,0,,,
370,5,2026-03-02,11515,2111,93,10000,1,710,306,261,172,0,,,
371,5,2026-03-03,11436,1999,96,10000,1,729,281,245,178,1,Run,38.0,447.0
372,5,2026-03-04,12467,1966,76,10000,1,713,289,260,178,1,Cycling,46.0,439.0
373,5,2026-03-05,8057,1707,57,10000,0,732,284,252,181,0,,,
374,5,2026-03-06,12080,2042,100,10000,1,712,281,254,157,0,,,
375,5,2026-03-07,10893,2038,89,10000,1,724,280,270,174,1,Cycling,59.0,245.0
376,5,2026-03-08,3257,1534,19,10000,0,732,289,247,164,0,,,
377,5,2026-03-09,10387,1918,83,10000,1,720,289,235,172,0,,,
378,5,2026-03-10,9555,1965,87,10000,0,706,293,271,179,1,Cycling,63.0,292.0
379,5,2026-03-11,2737,1553,20,10000,0,721,298,250,170,0,,,
380,5,2026-03-12,7749,1728,51,10000,0,726,289,257,184,0,,,
381,5,2026-03-13,8489,1899,59,10000,0,720,295,257,163,0,,,
382,5,2026-03-14,7811,1992,74,10000,0,715,296,261,185,0,,,
383,5,2026-03-15,9259,1720,77,10000,0,721,295,265,168,1,Strength,41.0,272.0
384,5,2026-03-16,12692,2165,96,10000,1,713,304,267,171,1,Cycling,23.0,315.0
385,5,2026-03-17,10845,1998,88,10000,1,716,295,271,168,1,Strength,45.0,412.0
386,5,2026-03-18,9372,1842,82,10000,0,704,296,255,176,1,Run,31.0,271.0
387,5,2026-03-19,11754,2047,90,10000,1,733,299,273,187,1,Strength,29.0,183.0
388,5,2026-03-20,10213,1879,73,10000,1,719,297,256,162,1,Run,43.0,299.0
389,5,2026-03-21,13401,2141,91,10000,1,719,299,254,181,1,Cycling,34.0,407.0
390,5,2026-03-22,12919,2114,104,10000,1,720,284,253,155,1,Run,20.0,308.0
391,5,2026-03-23,8946,1859,61,10000,0,725,277,244,190,0,,,
392,5,2026-03-24,7978,1809,64,10000,0,726,293,242,172,0,,,
393,5,2026-03-25,8579,2053,57,10000,0,717,282,253,174,0,,,
394,5,2026-03-26,10543,2025,87,10000,1,721,296,253,172,1,Strength,37.0,461.0
395,5,2026-03-27,12878,2221,118,10000,1,708,300,245,162,0,,,
396,5,2026-03-28,10674,1986,88,10000,1,726,298,277,172,0,,,
397,5,2026-03-29,8915,1970,67,10000,0,707,273,259,184,0,,,
398,5,2026-03-30,10533,1976,83,10000,1,716,275,264,172,0,,,
399,5,2026-03-31,10763,1893,98,10000,1,722,285,246,186,1,Walk,25.0,482.0
400,5,2026-04-01,8945,1890,68,10000,0,735,296,255,171,0,,,
401,5,2026-04-02,11963,1964,94,10000,1,723,287,268,169,1,Strength,38.0,338.0
402,5,2026-04-03,11241,1966,82,10000,1,735,300,246,167,0,,,
403,5,2026-04-04,10587,1847,76,10000,1,722,305,252,162,0,,,
404,5,2026-04-05,10591,1886,96,10000,1,718,280,243,179,0,,,
405,5,2026-04-06,9278,1854,70,10000,0,713,272,286,159,1,Strength,20.0,357.0
406,5,2026-04-07,7745,1724,51,10000,0,728,290,249,155,0,,,
407,5,2026-04-08,10267,2132,79,10000,1,703,291,266,145,1,Cycling,41.0,277.0
408,5,2026-04-09,12553,2091,95,10000,1,723,293,265,172,1,Strength,20.0,301.0
409,5,2026-04-10,9877,1858,69,10000,0,722,298,249,167,1,Strength,47.0,424.0
410,5,2026-04-11,10956,2112,72,10000,1,702,300,258,164,0,,,
411,5,2026-04-12,11409,2100,79,10000,1,737,284,267,183,1,Strength,34.0,404.0
412,5,2026-04-13,8434,2011,71,10000,0,718,293,268,189,0,,,
413,5,2026-04-14,11261,1874,108,10000,1,717,301,249,169,0,,,
414,5,2026-04-15,10190,2100,80,10000,1,726,271,261,172,0,,,
415,5,2026-04-16,8259,1952,56,10000,0,715,288,255,179,0,,,
416,5,2026-04-17,9964,1827,78,10000,0,726,273,257,179,1,Strength,50.0,407.0
417,5,2026-04-18,7459,1989,58,10000,0,712,289,257,173,0,,,
418,5,2026-04-19,10503,2096,66,10000,1,720,304,256,182,0,,,
419,5,2026-04-20,9516,1891,57,10000,0,717,290,277,176,0,,,
420,5,2026-04-21,11784,2002,88,10000,1,744,287,270,182,1,Run,47.0,376.0
421,5,2026-04-22,11540,1983,98,10000,1,728,273,277,184,0,,,
422,5,2026-04-23,2359,1707,23,10000,0,727,293,271,181,0,,,
423,5,2026-04-24,9638,1941,86,10000,0,724,288,262,174,1,Strength,43.0,356.0
424,5,2026-04-25,11879,2160,81,10000,1,743,284,264,172,0,,,
425,5,2026-04-26,10253,1907,76,10000,1,717,293,262,171,0,,,
426,5,2026-04-27,10975,2197,89,10000,1,739,287,258,167,1,Cycling,37.0,197.0
427,5,2026-04-28,10591,2081,67,10000,1,708,304,252,163,0,,,
428,5,2026-04-29,12692,1858,98,10000,1,723,291,273,155,1,Yoga,57.0,312.0
429,5,2026-04-30,10670,1970,74,10000,1,728,277,261,173,0,,,
430,5,2026-05-01,9763,2010,70,10000,0,722,273,283,161,1,Walk,62.0,364.0
431,5,2026-05-02,8955,1710,54,10000,0,734,306,245,185,0,,,
432,5,2026-05-03,9290,1926,70,10000,0,714,289,267,171,0,,,
433,5,2026-05-04,10340,1983,90,10000,1,732,299,253,167,1,Walk,44.0,294.0
434,5,2026-05-05,10132,2137,61,10000,1,722,308,260,160,0,,,
435,5,2026-05-06,2190,1733,13,10000,0,728,273,244,167,0,,,
436,5,2026-05-07,11666,2007,99,10000,1,713,294,258,169,0,,,
437,5,2026-05-08,9106,2116,83,10000,0,710,303,268,162,0,,,
438,5,2026-05-09,8993,2179,82,10000,0,721,285,262,163,0,,,
439,5,2026-05-10,8414,1893,75,10000,0,721,294,258,172,0,,,
440,5,2026-05-11,9405,1916,67,10000,0,709,276,259,160,1,Strength,42.0,384.0
441,5,2026-05-12,14778,2029,118,10000,1,723,293,254,175,1,Yoga,48.0,434.0
442,5,2026-05-13,11085,1888,90,10000,1,719,284,275,179,0,,,
443,5,2026-05-14,11177,1924,93,10000,1,726,292,247,180,0,,,
444,5,2026-05-15,9264,2032,67,10000,0,726,296,265,162,1,Strength,62.0,322.0
445,5,2026-05-16,11658,1982,85,10000,1,721,277,255,170,1,Run,51.0,350.0
446,5,2026-05-17,11737,1990,99,10000,1,714,290,257,204,1,Yoga,71.0,433.0
447,5,2026-05-18,3605,1620,21,10000,0,729,277,270,176,0,,,
448,5,2026-05-19,10955,1930,82,10000,1,709,275,264,167,1,Strength,22.0,193.0
449,5,2026-05-20,12687,2122,102,10000,1,720,287,269,174,0,,,
450,5,2026-05-21,12673,2047,92,10000,1,712,300,255,164,1,Walk,49.0,501.0
451,6,2026-02-21,10771,2015,91,10000,1,712,280,259,194,0,,,
452,6,2026-02-22,8472,1969,86,10000,0,703,295,269,177,0,,,
453,6,2026-02-23,10869,2114,73,10000,1,713,283,253,188,1,Cycling,20.0,402.0
454,6,2026-02-24,9976,1917,56,10000,0,727,299,261,154,0,,,
455,6,2026-02-25,10753,1820,88,10000,1,727,300,256,174,1,Yoga,61.0,322.0
456,6,2026-02-26,1748,1612,16,10000,0,717,290,263,180,0,,,
457,6,2026-02-27,9825,1770,78,10000,0,722,289,266,170,1,Cycling,66.0,367.0
458,6,2026-02-28,14259,2162,104,10000,1,710,281,238,186,0,,,
459,6,2026-03-01,7270,1699,47,10000,0,733,290,249,166,0,,,
460,6,2026-03-02,10787,1893,118,10000,1,725,285,268,169,0,,,
461,6,2026-03-03,11272,2201,98,10000,1,728,297,271,179,1,Run,65.0,285.0
462,6,2026-03-04,10995,2038,114,10000,1,708,279,245,170,1,Cycling,36.0,361.0
463,6,2026-03-05,11075,2029,94,10000,1,709,296,256,178,1,Cycling,53.0,323.0
464,6,2026-03-06,8724,1912,56,10000,0,715,312,255,169,0,,,
465,6,2026-03-07,10796,1953,75,10000,1,715,300,255,169,0,,,
466,6,2026-03-08,10697,2035,76,10000,1,725,296,270,172,1,Walk,52.0,413.0
467,6,2026-03-09,13400,1937,111,10000,1,704,292,242,168,1,Strength,39.0,432.0
468,6,2026-03-10,10116,2036,93,10000,1,718,273,257,175,1,Yoga,35.0,538.0
469,6,2026-03-11,9376,1947,78,10000,0,722,274,273,185,1,Run,36.0,361.0
470,6,2026-03-12,13503,2194,110,10000,1,719,300,253,182,1,Cycling,50.0,383.0
471,6,2026-03-13,9967,1940,73,10000,0,722,299,247,177,0,,,
472,6,2026-03-14,12043,2092,99,10000,1,714,290,256,171,1,Run,40.0,387.0
473,6,2026-03-15,8560,1755,65,10000,0,715,290,270,186,0,,,
474,6,2026-03-16,10203,1939,78,10000,1,715,278,263,166,1,Cycling,47.0,382.0
475,6,2026-03-17,10206,2009,88,10000,1,699,295,274,170,1,Cycling,52.0,432.0
476,6,2026-03-18,2242,1457,27,10000,0,721,290,250,158,0,,,
477,6,2026-03-19,10622,1974,89,10000,1,732,281,263,175,1,Strength,50.0,387.0
478,6,2026-03-20,9688,1960,56,10000,0,731,260,239,178,1,Cycling,47.0,150.0
479,6,2026-03-21,10803,2012,85,10000,1,720,292,239,168,0,,,
480,6,2026-03-22,9588,1677,78,10000,0,710,286,275,176,1,Strength,51.0,339.0
481,6,2026-03-23,7526,1884,58,10000,0,718,262,254,190,0,,,
482,6,2026-03-24,2678,1486,21,10000,0,719,287,280,186,0,,,
483,6,2026-03-25,9675,1937,77,10000,0,727,282,260,181,1,Walk,34.0,483.0
484,6,2026-03-26,8801,1704,63,10000,0,713,276,260,168,0,,,
485,6,2026-03-27,10839,1887,81,10000,1,709,276,280,175,0,,,
486,6,2026-03-28,8954,1773,85,10000,0,717,263,271,169,0,,,
487,6,2026-03-29,12088,1974,104,10000,1,715,289,253,173,1,Yoga,60.0,280.0
488,6,2026-03-30,11275,1868,87,10000,1,731,304,267,173,1,Walk,29.0,351.0
489,6,2026-03-31,11122,1901,104,10000,1,719,278,261,167,0,,,
490,6,2026-04-01,10791,2000,84,10000,1,709,291,278,164,0,,,
491,6,2026-04-02,11185,2025,87,10000,1,720,279,263,169,1,Yoga,25.0,439.0
492,6,2026-04-03,12243,1862,99,10000,1,714,305,262,174,0,,,
493,6,2026-04-04,11193,1901,85,10000,1,710,298,241,171,0,,,
494,6,2026-04-05,9492,1869,72,10000,0,726,292,252,184,0,,,
495,6,2026-04-06,2543,1776,30,10000,0,731,289,267,174,0,,,
496,6,2026-04-07,12356,1970,90,10000,1,731,292,258,177,0,,,
497,6,2026-04-08,8969,1976,69,10000,0,718,290,256,169,0,,,
498,6,2026-04-09,13248,2239,99,10000,1,718,295,276,167,0,,,
499,6,2026-04-10,7922,1791,45,10000,0,731,296,253,185,0,,,
500,6,2026-04-11,10544,2016,93,10000,1,741,284,260,181,0,,,
501,6,2026-04-12,11522,2106,84,10000,1,733,291,264,172,1,Cycling,38.0,150.0
502,6,2026-04-13,9786,2192,94,10000,0,721,281,260,175,1,Run,64.0,206.0
503,6,2026-04-14,12576,2285,91,10000,1,718,286,257,157,0,,,
504,6,2026-04-15,9624,1875,81,10000,0,709,311,246,167,0,,,
505,6,2026-04-16,11886,1944,82,10000,1,716,291,250,155,1,Cycling,56.0,325.0
506,6,2026-04-17,7657,1922,45,10000,0,728,286,289,151,0,,,
507,6,2026-04-18,9985,2084,72,10000,0,735,304,274,180,1,Run,40.0,368.0
508,6,2026-04-19,10373,1933,72,10000,1,709,292,265,170,1,Cycling,40.0,402.0
509,6,2026-04-20,11178,2095,93,10000,1,719,286,259,178,1,Cycling,42.0,284.0
510,6,2026-04-21,8535,1784,60,10000,0,726,290,240,173,0,,,
511,6,2026-04-22,8618,1983,71,10000,0,741,280,274,165,0,,,
512,6,2026-04-23,13458,1999,100,10000,1,750,272,254,158,1,Strength,43.0,193.0
513,6,2026-04-24,8527,1724,62,10000,0,725,291,246,155,0,,,
514,6,2026-04-25,11002,1950,78,10000,1,712,279,266,160,1,Strength,23.0,419.0
515,6,2026-04-26,11395,2053,81,10000,1,725,271,237,198,1,Run,53.0,377.0
516,6,2026-04-27,11882,1998,86,10000,1,732,281,255,182,1,Run,20.0,262.0
517,6,2026-04-28,11850,2094,86,10000,1,723,286,268,179,1,Yoga,49.0,369.0
518,6,2026-04-29,3269,1609,38,10000,0,722,284,261,183,0,,,
519,6,2026-04-30,13630,2131,117,10000,1,741,296,241,178,0,,,
520,6,2026-05-01,12763,2036,96,10000,1,733,287,262,176,0,,,
521,6,2026-05-02,9358,1908,84,10000,0,724,281,250,179,0,,,
522,6,2026-05-03,10455,1973,94,10000,1,729,283,250,192,0,,,
523,6,2026-05-04,11043,2075,75,10000,1,739,279,257,158,0,,,
524,6,2026-05-05,12326,2371,106,10000,1,716,288,255,160,0,,,
525,6,2026-05-06,10138,1915,55,10000,1,707,296,242,168,0,,,
526,6,2026-05-07,10815,1993,73,10000,1,729,270,267,184,1,Yoga,36.0,354.0
527,6,2026-05-08,12263,2078,97,10000,1,697,272,253,167,0,,,
528,6,2026-05-09,10437,1832,79,10000,1,693,286,259,175,1,Run,21.0,367.0
529,6,2026-05-10,11891,1881,92,10000,1,734,289,265,173,1,Walk,58.0,505.0
530,6,2026-05-11,9465,2092,87,10000,0,700,287,274,201,1,Run,55.0,320.0
531,6,2026-05-12,8365,1909,66,10000,0,713,282,250,182,0,,,
532,6,2026-05-13,12042,2067,106,10000,1,722,286,261,173,1,Cycling,36.0,433.0
533,6,2026-05-14,10521,2068,100,10000,1,725,291,271,176,1,Run,72.0,292.0
534,6,2026-05-15,9229,2108,84,10000,0,721,290,247,182,0,,,
535,6,2026-05-16,13153,2039,104,10000,1,710,286,264,169,1,Yoga,61.0,402.0
536,6,2026-05-17,10031,1851,89,10000,1,716,296,252,179,0,,,
537,6,2026-05-18,10029,2071,71,10000,1,722,282,268,185,0,,,
538,6,2026-05-19,11563,2180,104,10000,1,711,300,264,175,1,Cycling,41.0,231.0
539,6,2026-05-20,10546,1898,97,10000,1,711,268,259,189,0,,,
540,6,2026-05-21,10611,1814,59,10000,1,721,301,262,179,1,Cycling,43.0,284.0
541,7,2026-02-21,8625,1777,75,10000,0,852,304,170,105,0,,,
542,7,2026-02-22,11581,2061,87,10000,1,882,323,163,69,1,Walk,47.0,349.0
543,7,2026-02-23,8782,1885,75,10000,0,877,335,176,100,0,,,
544,7,2026-02-24,5900,1962,45,10000,0,848,317,160,95,0,,,
545,7,2026-02-25,12979,2209,88,10000,1,862,322,187,80,1,Strength,43.0,268.0
546,7,2026-02-26,7121,1883,47,10000,0,875,317,169,88,0,,,
547,7,2026-02-27,7308,1849,55,10000,0,880,317,181,90,0,,,
548,7,2026-02-28,9531,1896,63,10000,0,869,299,170,60,1,Run,61.0,405.0
549,7,2026-03-01,9275,1854,55,10000,0,862,325,168,82,1,Cycling,50.0,392.0
550,7,2026-03-02,10056,1963,73,10000,1,858,330,152,95,1,Run,48.0,230.0
551,7,2026-03-03,8252,1822,61,10000,0,877,299,185,109,0,,,
552,7,2026-03-04,10335,1927,77,10000,1,856,312,160,85,1,Run,26.0,366.0
553,7,2026-03-05,2691,1660,13,10000,0,858,340,182,84,0,,,
554,7,2026-03-06,5177,1720,40,10000,0,867,321,176,88,0,,,
555,7,2026-03-07,8118,1868,59,10000,0,847,295,180,84,0,,,
556,7,2026-03-08,2494,1691,29,10000,0,857,313,166,82,0,,,
557,7,2026-03-09,10129,1898,80,10000,1,858,332,181,81,0,,,
558,7,2026-03-10,8796,2014,70,10000,0,866,348,162,75,0,,,
559,7,2026-03-11,6238,1768,38,10000,0,884,312,161,85,0,,,
560,7,2026-03-12,10198,1979,82,10000,1,865,322,168,92,0,,,
561,7,2026-03-13,5366,1634,43,10000,0,869,306,176,95,0,,,
562,7,2026-03-14,8095,1849,66,10000,0,877,296,180,71,0,,,
563,7,2026-03-15,9968,1952,72,10000,0,855,337,167,76,1,Run,68.0,372.0
564,7,2026-03-16,8241,2078,51,10000,0,875,327,181,99,0,,,
565,7,2026-03-17,3043,1666,43,10000,0,869,330,174,82,0,,,
566,7,2026-03-18,7769,1730,69,10000,0,856,324,161,96,0,,,
567,7,2026-03-19,2076,1654,18,10000,0,858,327,174,88,0,,,
568,7,2026-03-20,1639,1522,26,10000,0,873,333,189,81,0,,,
569,7,2026-03-21,6519,1632,47,10000,0,885,316,193,86,0,,,
570,7,2026-03-22,2953,1666,19,10000,0,861,307,181,68,0,,,
571,7,2026-03-23,5825,1838,54,10000,0,857,305,169,97,0,,,
572,7,2026-03-24,5874,1779,26,10000,0,857,307,171,82,0,,,
573,7,2026-03-25,8890,1803,73,10000,0,873,293,188,93,0,,,
574,7,2026-03-26,7383,1961,64,10000,0,871,322,174,84,0,,,
575,7,2026-03-27,8364,1830,66,10000,0,860,308,176,91,0,,,
576,7,2026-03-28,5960,1784,27,10000,0,859,319,177,84,0,,,
577,7,2026-03-29,4780,1670,41,10000,0,871,309,159,83,0,,,
578,7,2026-03-30,7441,1758,49,10000,0,877,310,182,98,0,,,
579,7,2026-03-31,2306,1528,13,10000,0,856,315,180,93,0,,,
580,7,2026-04-01,10274,1790,83,10000,1,881,286,179,84,0,,,
581,7,2026-04-02,12066,2052,83,10000,1,865,325,168,83,1,Strength,62.0,233.0
582,7,2026-04-03,2574,1642,11,10000,0,849,300,172,102,0,,,
583,7,2026-04-04,13777,2187,119,10000,1,876,321,171,91,1,Run,28.0,207.0
584,7,2026-04-05,12038,2045,88,10000,1,862,319,172,81,0,,,
585,7,2026-04-06,12697,2126,89,10000,1,860,305,182,91,0,,,
586,7,2026-04-07,6883,1843,49,10000,0,864,308,186,95,0,,,
587,7,2026-04-08,7226,1820,50,10000,0,861,310,181,89,0,,,
588,7,2026-04-09,7494,1691,59,10000,0,860,327,170,90,0,,,
589,7,2026-04-10,10577,1997,91,10000,1,859,303,173,89,0,,,
590,7,2026-04-11,3556,1759,31,10000,0,830,329,162,81,0,,,
591,7,2026-04-12,10575,2034,88,10000,1,865,322,185,92,1,Cycling,53.0,389.0
592,7,2026-04-13,6319,1792,65,10000,0,848,334,169,82,0,,,
593,7,2026-04-14,3024,1809,20,10000,0,859,309,167,72,0,,,
594,7,2026-04-15,11311,1887,88,10000,1,860,339,171,89,0,,,
595,7,2026-04-16,9053,2102,68,10000,0,859,310,155,94,1,Strength,41.0,529.0
596,7,2026-04-17,2018,1540,12,10000,0,857,309,171,93,0,,,
597,7,2026-04-18,1870,1355,14,10000,0,857,326,190,83,0,,,
598,7,2026-04-19,9951,2014,50,10000,0,864,318,181,86,1,Walk,33.0,342.0
599,7,2026-04-20,9224,1742,69,10000,0,858,320,165,80,1,Cycling,34.0,351.0
600,7,2026-04-21,7787,1917,74,10000,0,847,319,174,85,0,,,
601,7,2026-04-22,8955,1933,58,10000,0,862,322,168,92,0,,,
602,7,2026-04-23,12954,2019,96,10000,1,854,305,173,87,1,Walk,43.0,253.0
603,7,2026-04-24,8850,2000,81,10000,0,846,321,159,103,0,,,
604,7,2026-04-25,2118,1649,11,10000,0,875,331,154,72,0,,,
605,7,2026-04-26,8795,2094,64,10000,0,872,346,173,80,0,,,
606,7,2026-04-27,9761,1928,64,10000,0,856,305,154,97,1,Strength,37.0,327.0
607,7,2026-04-28,9162,1978,68,10000,0,869,308,174,74,1,Cycling,32.0,363.0
608,7,2026-04-29,10258,1965,82,10000,1,871,309,181,77,0,,,
609,7,2026-04-30,7208,1742,29,10000,0,862,304,203,96,0,,,
610,7,2026-05-01,5490,1859,48,10000,0,874,303,168,77,0,,,
611,7,2026-05-02,8918,2016,73,10000,0,863,322,152,101,0,,,
612,7,2026-05-03,3189,1650,25,10000,0,864,310,171,84,0,,,
613,7,2026-05-04,11857,2019,84,10000,1,855,320,168,84,0,,,
614,7,2026-05-05,8822,1965,94,10000,0,876,313,184,75,0,,,
615,7,2026-05-06,10313,1863,86,10000,1,856,331,169,91,1,Yoga,46.0,434.0
616,7,2026-05-07,7843,1872,52,10000,0,881,332,170,90,0,,,
617,7,2026-05-08,4716,1772,49,10000,0,870,322,171,94,0,,,
618,7,2026-05-09,10137,2042,79,10000,1,878,315,174,89,0,,,
619,7,2026-05-10,2788,1606,20,10000,0,863,293,167,81,0,,,
620,7,2026-05-11,5620,1853,45,10000,0,875,315,172,77,0,,,
621,7,2026-05-12,5043,1630,31,10000,0,873,320,161,100,0,,,
622,7,2026-05-13,8159,1951,63,10000,0,863,320,168,94,0,,,
623,7,2026-05-14,7663,1839,80,10000,0,858,302,169,96,0,,,
624,7,2026-05-15,11186,1926,90,10000,1,852,327,177,70,0,,,
625,7,2026-05-16,7388,1805,78,10000,0,860,332,165,88,0,,,
626,7,2026-05-17,9341,1720,84,10000,0,864,309,172,85,1,Strength,29.0,273.0
627,7,2026-05-18,8488,1845,70,10000,0,858,333,164,89,0,,,
628,7,2026-05-19,4301,1695,37,10000,0,857,329,170,80,0,,,
629,7,2026-05-20,12827,1911,99,10000,1,886,297,171,91,0,,,
630,7,2026-05-21,7087,1782,43,10000,0,863,312,168,89,0,,,
631,8,2026-02-21,9684,1903,61,10000,0,868,342,167,92,1,Cycling,20.0,405.0
632,8,2026-02-22,3005,1483,24,10000,0,879,316,145,90,0,,,
633,8,2026-02-23,10551,1858,74,10000,1,857,316,164,100,1,Strength,68.0,346.0
634,8,2026-02-24,8215,1835,70,10000,0,862,319,174,86,0,,,
635,8,2026-02-25,12173,2004,83,10000,1,866,309,167,78,0,,,
636,8,2026-02-26,4496,1711,28,10000,0,872,314,162,71,0,,,
637,8,2026-02-27,9952,2101,73,10000,0,846,317,162,79,1,Run,47.0,406.0
638,8,2026-02-28,6928,1769,45,10000,0,863,314,165,78,0,,,
639,8,2026-03-01,7952,1862,69,10000,0,858,306,156,99,0,,,
640,8,2026-03-02,10100,1843,57,10000,1,882,322,179,81,0,,,
641,8,2026-03-03,6129,1645,48,10000,0,844,301,164,92,0,,,
642,8,2026-03-04,7202,1815,68,10000,0,854,301,180,69,0,,,
643,8,2026-03-05,9609,1966,65,10000,0,858,303,187,120,0,,,
644,8,2026-03-06,8200,1993,51,10000,0,859,328,177,89,0,,,
645,8,2026-03-07,9885,1928,74,10000,0,857,316,179,69,1,Yoga,40.0,449.0
646,8,2026-03-08,7537,1769,47,10000,0,868,321,182,69,0,,,
647,8,2026-03-09,2521,1561,13,10000,0,853,321,166,96,0,,,
648,8,2026-03-10,2079,1516,2,10000,0,867,321,189,82,0,,,
649,8,2026-03-11,11012,2045,99,10000,1,879,326,182,83,1,Cycling,32.0,321.0
650,8,2026-03-12,10772,2146,75,10000,1,853,310,187,70,0,,,
651,8,2026-03-13,8142,1858,51,10000,0,890,323,160,78,0,,,
652,8,2026-03-14,3575,1767,17,10000,0,872,314,151,89,0,,,
653,8,2026-03-15,7725,1832,59,10000,0,870,299,156,79,0,,,
654,8,2026-03-16,7766,1991,62,10000,0,869,319,175,89,0,,,
655,8,2026-03-17,8675,2051,67,10000,0,869,306,194,78,0,,,
656,8,2026-03-18,5670,1742,54,10000,0,853,323,172,89,0,,,
657,8,2026-03-19,5986,1740,55,10000,0,864,317,185,78,0,,,
658,8,2026-03-20,7466,1863,42,10000,0,850,306,168,73,0,,,
659,8,2026-03-21,8293,1775,57,10000,0,878,327,166,85,0,,,
660,8,2026-03-22,8442,1799,86,10000,0,858,314,185,84,0,,,
661,8,2026-03-23,2988,1577,17,10000,0,856,325,168,74,0,,,
662,8,2026-03-24,9120,2040,46,10000,0,861,305,174,82,1,Run,53.0,348.0
663,8,2026-03-25,3923,1565,25,10000,0,835,322,165,81,0,,,
664,8,2026-03-26,7027,1744,54,10000,0,860,318,181,94,0,,,
665,8,2026-03-27,7587,1783,62,10000,0,868,315,177,86,0,,,
666,8,2026-03-28,2137,1528,18,10000,0,858,309,166,91,0,,,
667,8,2026-03-29,9103,1825,80,10000,0,855,323,155,83,1,Cycling,46.0,478.0
668,8,2026-03-30,6713,1928,65,10000,0,865,311,186,79,0,,,
669,8,2026-03-31,11075,2015,68,10000,1,857,310,178,87,0,,,
670,8,2026-04-01,11208,1974,89,10000,1,853,336,173,82,0,,,
671,8,2026-04-02,7332,1893,39,10000,0,877,321,186,103,0,,,
672,8,2026-04-03,5491,1706,30,10000,0,849,321,176,74,0,,,
673,8,2026-04-04,10105,1866,73,10000,1,868,340,148,90,1,Yoga,47.0,404.0
674,8,2026-04-05,8605,2062,52,10000,0,855,315,173,84,0,,,
675,8,2026-04-06,10220,1999,95,10000,1,882,309,166,86,0,,,
676,8,2026-04-07,7985,1841,63,10000,0,856,317,194,104,0,,,
677,8,2026-04-08,6662,1845,60,10000,0,852,320,180,82,0,,,
678,8,2026-04-09,9376,1762,82,10000,0,852,313,168,74,0,,,
679,8,2026-04-10,9157,1842,91,10000,0,839,308,167,72,1,Strength,34.0,451.0
680,8,2026-04-11,9589,2017,71,10000,0,868,327,166,88,0,,,
681,8,2026-04-12,1556,1770,0,10000,0,863,325,173,88,0,,,
682,8,2026-04-13,2802,1611,15,10000,0,861,305,170,102,0,,,
683,8,2026-04-14,2142,1595,9,10000,0,857,318,157,68,0,,,
684,8,2026-04-15,4624,1858,31,10000,0,867,305,153,86,0,,,
685,8,2026-04-16,6043,1959,52,10000,0,864,319,157,87,0,,,
686,8,2026-04-17,3328,1827,16,10000,0,835,312,164,71,0,,,
687,8,2026-04-18,6942,1850,46,10000,0,841,331,169,75,0,,,
688,8,2026-04-19,9116,1956,65,10000,0,856,305,178,79,0,,,
689,8,2026-04-20,6278,2011,39,10000,0,876,322,182,78,0,,,
690,8,2026-04-21,7516,1991,75,10000,0,859,320,163,94,0,,,
691,8,2026-04-22,10944,2075,89,10000,1,869,304,184,89,1,Run,50.0,364.0
692,8,2026-04-23,5585,1816,38,10000,0,884,293,180,93,0,,,
693,8,2026-04-24,10506,2008,75,10000,1,852,314,171,84,0,,,
694,8,2026-04-25,8331,1972,56,10000,0,873,310,187,88,0,,,
695,8,2026-04-26,14239,2252,116,10000,1,849,322,175,83,0,,,
696,8,2026-04-27,6497,1873,37,10000,0,858,314,196,77,0,,,
697,8,2026-04-28,1753,1547,10,10000,0,861,330,182,79,0,,,
698,8,2026-04-29,7824,1761,60,10000,0,850,333,181,100,0,,,
699,8,2026-04-30,3815,1753,46,10000,0,866,310,162,101,0,,,
700,8,2026-05-01,7844,1853,69,10000,0,872,322,147,87,0,,,
701,8,2026-05-02,6913,1877,49,10000,0,859,322,173,90,0,,,
702,8,2026-05-03,2787,1757,31,10000,0,866,314,181,90,0,,,
703,8,2026-05-04,9220,1746,82,10000,0,850,327,172,70,1,Strength,61.0,308.0
704,8,2026-05-05,8735,2023,65,10000,0,884,312,192,76,0,,,
705,8,2026-05-06,2171,1494,26,10000,0,859,329,177,88,0,,,
706,8,2026-05-07,1827,1531,13,10000,0,860,303,172,99,0,,,
707,8,2026-05-08,7752,1953,63,10000,0,858,305,166,71,0,,,
708,8,2026-05-09,10116,2057,73,10000,1,856,316,181,84,1,Cycling,42.0,344.0
709,8,2026-05-10,8017,1989,64,10000,0,857,322,172,103,0,,,
710,8,2026-05-11,6341,1753,76,10000,0,874,317,171,95,0,,,
711,8,2026-05-12,13980,2291,111,10000,1,866,299,187,99,1,Run,43.0,333.0
712,8,2026-05-13,9736,1788,74,10000,0,871,315,164,84,1,Strength,42.0,242.0
713,8,2026-05-14,7584,1640,70,10000,0,868,324,175,78,0,,,
714,8,2026-05-15,2133,1630,5,10000,0,851,319,172,88,0,,,
715,8,2026-05-16,2608,1609,23,10000,0,863,323,172,57,0,,,
716,8,2026-05-17,10411,1944,75,10000,1,888,319,167,69,1,Yoga,56.0,418.0
717,8,2026-05-18,6925,1741,34,10000,0,868,322,168,93,0,,,
718,8,2026-05-19,7294,1733,60,10000,0,875,330,169,89,0,,,
719,8,2026-05-20,9996,2170,71,10000,0,872,330,170,100,1,Yoga,34.0,234.0
720,8,2026-05-21,3102,1607,24,10000,0,845,314,147,80,0,,,
721,9,2026-02-21,8612,1891,53,10000,0,863,310,173,76,0,,,
722,9,2026-02-22,8613,1796,58,10000,0,867,311,181,102,0,,,
723,9,2026-02-23,2840,1654,26,10000,0,854,301,178,78,0,,,
724,9,2026-02-24,7555,1754,46,10000,0,857,300,179,90,0,,,
725,9,2026-02-25,6325,1828,46,10000,0,874,325,192,82,0,,,
726,9,2026-02-26,11054,1984,90,10000,1,859,300,187,83,1,Run,33.0,294.0
727,9,2026-02-27,12019,2118,90,10000,1,864,328,175,101,1,Strength,20.0,450.0
728,9,2026-02-28,5553,1519,36,10000,0,856,313,154,90,0,,,
729,9,2026-03-01,7198,1713,55,10000,0,874,317,180,96,0,,,
730,9,2026-03-02,3095,1743,25,10000,0,854,308,175,95,0,,,
731,9,2026-03-03,2968,1673,20,10000,0,864,326,153,92,0,,,
732,9,2026-03-04,13060,2078,90,10000,1,879,321,165,76,1,Walk,57.0,393.0
733,9,2026-03-05,2342,1615,17,10000,0,865,307,169,83,0,,,
734,9,2026-03-06,7917,1874,65,10000,0,872,329,175,75,0,,,
735,9,2026-03-07,3183,1511,26,10000,0,860,318,171,69,0,,,
736,9,2026-03-08,6818,1810,71,10000,0,873,319,170,103,0,,,
737,9,2026-03-09,6509,1602,54,10000,0,893,318,176,70,0,,,
738,9,2026-03-10,7111,1847,49,10000,0,870,320,177,86,0,,,
739,9,2026-03-11,8419,1951,53,10000,0,864,320,168,88,0,,,
740,9,2026-03-12,10596,2127,71,10000,1,856,308,157,77,1,Run,46.0,293.0
741,9,2026-03-13,13964,2201,94,10000,1,842,317,178,94,1,Cycling,46.0,415.0
742,9,2026-03-14,8245,1892,65,10000,0,868,318,176,87,0,,,
743,9,2026-03-15,7037,1980,56,10000,0,873,318,183,87,0,,,
744,9,2026-03-16,6886,1812,36,10000,0,872,315,169,80,0,,,
745,9,2026-03-17,10468,1902,83,10000,1,882,312,178,110,1,Run,20.0,268.0
746,9,2026-03-18,13380,1982,100,10000,1,862,320,162,86,1,Strength,31.0,423.0
747,9,2026-03-19,6973,1601,54,10000,0,869,311,158,73,0,,,
748,9,2026-03-20,10476,2169,84,10000,1,863,328,179,108,1,Cycling,27.0,303.0
749,9,2026-03-21,8387,1839,72,10000,0,861,319,174,94,0,,,
750,9,2026-03-22,2736,1640,13,10000,0,859,339,185,71,0,,,
751,9,2026-03-23,2519,1439,9,10000,0,864,327,156,79,0,,,
752,9,2026-03-24,2835,1818,28,10000,0,870,316,181,83,0,,,
753,9,2026-03-25,3206,1613,18,10000,0,864,311,184,87,0,,,
754,9,2026-03-26,10072,1862,86,10000,1,866,322,190,78,1,Run,57.0,394.0
755,9,2026-03-27,12082,1950,106,10000,1,871,321,187,84,1,Strength,75.0,373.0
756,9,2026-03-28,10428,1803,74,10000,1,855,334,172,86,0,,,
757,9,2026-03-29,1737,1431,17,10000,0,861,316,152,83,0,,,
758,9,2026-03-30,6023,1753,48,10000,0,866,308,164,97,0,,,
759,9,2026-03-31,10524,1977,81,10000,1,879,315,172,102,0,,,
760,9,2026-04-01,8237,1829,70,10000,0,877,331,169,76,0,,,
761,9,2026-04-02,6746,1732,38,10000,0,848,319,179,79,0,,,
762,9,2026-04-03,10955,1954,82,10000,1,874,322,174,80,1,Run,52.0,224.0
763,9,2026-04-04,8550,1841,63,10000,0,849,326,152,77,0,,,
764,9,2026-04-05,9659,2061,66,10000,0,864,299,153,92,1,Run,60.0,409.0
765,9,2026-04-06,7597,1913,51,10000,0,851,321,180,80,0,,,
766,9,2026-04-07,11032,1778,108,10000,1,862,319,165,91,0,,,
767,9,2026-04-08,12068,1997,95,10000,1,868,319,159,89,1,Run,45.0,273.0
768,9,2026-04-09,2339,1848,7,10000,0,862,317,167,85,0,,,
769,9,2026-04-10,2822,1688,31,10000,0,870,318,185,83,0,,,
770,9,2026-04-11,7496,1963,45,10000,0,857,309,183,74,0,,,
771,9,2026-04-12,10432,1920,81,10000,1,865,307,161,79,1,Yoga,63.0,312.0
772,9,2026-04-13,10405,1922,91,10000,1,859,330,166,87,0,,,
773,9,2026-04-14,9235,1921,81,10000,0,868,300,191,76,1,Yoga,39.0,381.0
774,9,2026-04-15,9593,1794,58,10000,0,854,335,194,88,1,Yoga,30.0,460.0
775,9,2026-04-16,8275,1880,64,10000,0,876,313,187,70,0,,,
776,9,2026-04-17,10122,2037,79,10000,1,876,301,169,85,1,Strength,32.0,425.0
777,9,2026-04-18,6887,1703,77,10000,0,852,301,175,85,0,,,
778,9,2026-04-19,9677,2056,85,10000,0,876,295,177,81,0,,,
779,9,2026-04-20,1634,1622,17,10000,0,865,308,180,93,0,,,
780,9,2026-04-21,3075,1565,5,10000,0,859,324,162,93,0,,,
781,9,2026-04-22,2753,1819,15,10000,0,853,315,170,96,0,,,
782,9,2026-04-23,3575,1754,21,10000,0,875,330,177,85,0,,,
783,9,2026-04-24,5177,1560,31,10000,0,879,325,167,81,0,,,
784,9,2026-04-25,5096,1777,53,10000,0,856,310,183,83,0,,,
785,9,2026-04-26,2648,1646,11,10000,0,868,303,164,83,0,,,
786,9,2026-04-27,10791,2048,105,10000,1,886,320,183,99,1,Run,34.0,284.0
787,9,2026-04-28,9174,1936,67,10000,0,865,314,153,80,0,,,
788,9,2026-04-29,6357,1752,28,10000,0,859,299,186,78,0,,,
789,9,2026-04-30,6164,1765,42,10000,0,865,310,171,87,0,,,
790,9,2026-05-01,10136,1935,70,10000,1,862,308,173,87,0,,,
791,9,2026-05-02,8311,1938,61,10000,0,862,316,175,76,0,,,
792,9,2026-05-03,10348,2057,83,10000,1,855,325,170,66,1,Run,30.0,344.0
793,9,2026-05-04,3360,1663,38,10000,0,840,311,168,83,0,,,
794,9,2026-05-05,11443,1912,94,10000,1,835,322,185,63,0,,,
795,9,2026-05-06,7606,1780,80,10000,0,866,314,144,75,0,,,
796,9,2026-05-07,10098,1973,79,10000,1,857,313,166,95,0,,,
797,9,2026-05-08,8410,1751,32,10000,0,859,317,171,106,0,,,
798,9,2026-05-09,7348,1862,54,10000,0,863,320,165,81,0,,,
799,9,2026-05-10,6899,1620,61,10000,0,862,311,172,98,0,,,
800,9,2026-05-11,4882,1780,28,10000,0,887,324,181,95,0,,,
801,9,2026-05-12,2575,1713,0,10000,0,853,320,154,77,0,,,
802,9,2026-05-13,7732,1791,61,10000,0,846,309,167,80,0,,,
803,9,2026-05-14,6435,1719,44,10000,0,866,313,195,85,0,,,
804,9,2026-05-15,5357,1855,27,10000,0,867,306,184,70,0,,,
805,9,2026-05-16,8925,1977,76,10000,0,852,311,176,98,0,,,
806,9,2026-05-17,11071,1920,82,10000,1,861,324,161,80,0,,,
807,9,2026-05-18,10240,2151,68,10000,1,878,307,168,90,1,Cycling,50.0,324.0
808,9,2026-05-19,11553,1825,75,10000,1,855,327,178,80,0,,,
809,9,2026-05-20,12346,1805,97,10000,1,873,319,180,89,1,Run,40.0,435.0
810,9,2026-05-21,9453,1727,76,10000,0,883,316,157,88,0,,,
811,10,2026-02-21,8211,1847,65,10000,0,861,306,190,81,0,,,
812,10,2026-02-22,8937,2114,69,10000,0,860,317,171,69,0,,,
813,10,2026-02-23,7395,2025,32,10000,0,871,314,171,98,0,,,
814,10,2026-02-24,2190,1642,11,10000,0,869,317,171,70,0,,,
815,10,2026-02-25,9699,2032,67,10000,0,868,295,188,101,0,,,
816,10,2026-02-26,8526,1726,75,10000,0,856,313,175,86,0,,,
817,10,2026-02-27,11861,2143,88,10000,1,852,303,163,89,0,,,
818,10,2026-02-28,5624,1650,47,10000,0,868,305,182,109,0,,,
819,10,2026-03-01,4138,1696,34,10000,0,866,309,170,78,0,,,
820,10,2026-03-02,9199,1857,57,10000,0,866,306,171,104,1,Yoga,25.0,362.0
821,10,2026-03-03,9221,1959,77,10000,0,867,322,189,83,1,Run,25.0,260.0
822,10,2026-03-04,8943,1850,75,10000,0,846,307,173,84,0,,,
823,10,2026-03-05,8420,1845,73,10000,0,871,300,172,87,0,,,
824,10,2026-03-06,9868,1772,64,10000,0,853,308,168,96,1,Cycling,41.0,293.0
825,10,2026-03-07,10654,2018,67,10000,1,852,299,171,79,0,,,
826,10,2026-03-08,3449,1672,10,10000,0,864,325,176,75,0,,,
827,10,2026-03-09,7944,1875,58,10000,0,873,319,163,86,0,,,
828,10,2026-03-10,7502,1829,51,10000,0,848,307,168,80,0,,,
829,10,2026-03-11,11608,2177,106,10000,1,865,300,172,82,1,Run,32.0,292.0
830,10,2026-03-12,2214,1704,30,10000,0,869,303,175,95,0,,,
831,10,2026-03-13,8323,1830,66,10000,0,868,318,170,85,0,,,
832,10,2026-03-14,2658,1680,25,10000,0,860,309,174,101,0,,,
833,10,2026-03-15,12633,2124,97,10000,1,850,311,181,82,1,Strength,28.0,360.0
834,10,2026-03-16,2866,1691,27,10000,0,862,324,170,87,0,,,
835,10,2026-03-17,2428,1528,9,10000,0,850,330,151,100,0,,,
836,10,2026-03-18,2576,1548,30,10000,0,875,312,168,83,0,,,
837,10,2026-03-19,11012,2065,85,10000,1,848,312,177,89,1,Run,38.0,327.0
838,10,2026-03-20,9550,1795,68,10000,0,860,313,178,79,1,Walk,85.0,460.0
839,10,2026-03-21,7983,1817,52,10000,0,861,320,153,78,0,,,
840,10,2026-03-22,2252,1515,33,10000,0,871,326,175,73,0,,,
841,10,2026-03-23,11026,1996,94,10000,1,848,321,172,98,0,,,
842,10,2026-03-24,9352,1950,71,10000,0,878,332,171,88,1,Strength,39.0,477.0
843,10,2026-03-25,13122,1984,105,10000,1,873,323,153,80,1,Cycling,27.0,239.0
844,10,2026-03-26,12324,2000,108,10000,1,876,326,167,83,0,,,
845,10,2026-03-27,7544,1872,70,10000,0,871,301,170,77,0,,,
846,10,2026-03-28,7450,1713,63,10000,0,865,316,176,71,0,,,
847,10,2026-03-29,9518,2072,60,10000,0,846,320,175,69,1,Cycling,32.0,323.0
848,10,2026-03-30,11773,1931,66,10000,1,847,310,169,93,1,Run,54.0,404.0
849,10,2026-03-31,10885,2250,96,10000,1,856,318,169,106,1,Cycling,58.0,251.0
850,10,2026-04-01,2597,1695,15,10000,0,874,304,169,89,0,,,
851,10,2026-04-02,6309,1729,59,10000,0,874,300,165,79,0,,,
852,10,2026-04-03,5206,1718,33,10000,0,867,319,178,72,0,,,
853,10,2026-04-04,9929,1931,77,10000,0,856,311,186,106,1,Yoga,23.0,254.0
854,10,2026-04-05,11867,1874,81,10000,1,867,319,165,75,0,,,
855,10,2026-04-06,2213,1530,12,10000,0,879,312,175,102,0,,,
856,10,2026-04-07,7399,1674,54,10000,0,879,311,161,92,0,,,
857,10,2026-04-08,13149,1944,126,10000,1,863,287,187,63,0,,,
858,10,2026-04-09,10047,2131,95,10000,1,863,312,169,100,0,,,
859,10,2026-04-10,6825,1896,56,10000,0,842,308,147,82,0,,,
860,10,2026-04-11,2635,1640,33,10000,0,880,324,185,76,0,,,
861,10,2026-04-12,8271,1854,69,10000,0,867,311,165,88,0,,,
862,10,2026-04-13,9317,1851,71,10000,0,863,317,164,79,1,Walk,33.0,220.0
863,10,2026-04-14,5989,1838,50,10000,0,870,304,172,94,0,,,
864,10,2026-04-15,8083,1691,68,10000,0,862,321,191,82,0,,,
865,10,2026-04-16,7250,1920,58,10000,0,854,332,174,84,0,,,
866,10,2026-04-17,11566,1985,62,10000,1,849,318,185,72,1,Yoga,59.0,252.0
867,10,2026-04-18,2903,1759,38,10000,0,872,318,168,85,0,,,
868,10,2026-04-19,10088,1895,77,10000,1,870,315,165,75,0,,,
869,10,2026-04-20,8069,1597,75,10000,0,862,318,169,100,0,,,
870,10,2026-04-21,2585,1705,16,10000,0,854,322,191,74,0,,,
871,10,2026-04-22,11347,1957,101,10000,1,883,316,165,94,0,,,
872,10,2026-04-23,2372,1587,33,10000,0,857,321,167,83,0,,,
873,10,2026-04-24,10858,1992,75,10000,1,863,301,180,84,1,Walk,52.0,346.0
874,10,2026-04-25,6360,1884,34,10000,0,889,328,172,78,0,,,
875,10,2026-04-26,11059,2069,80,10000,1,862,308,175,83,0,,,
876,10,2026-04-27,2679,1652,22,10000,0,865,320,170,124,0,,,
877,10,2026-04-28,7973,1875,65,10000,0,873,307,169,106,0,,,
878,10,2026-04-29,9411,2010,63,10000,0,869,320,175,75,0,,,
879,10,2026-04-30,10700,1973,104,10000,1,864,315,164,84,1,Run,63.0,451.0
880,10,2026-05-01,11460,1957,88,10000,1,863,310,167,82,0,,,
881,10,2026-05-02,8473,1757,53,10000,0,883,310,178,88,0,,,
882,10,2026-05-03,5645,1692,47,10000,0,837,313,179,88,0,,,
883,10,2026-05-04,7602,1822,72,10000,0,881,312,176,87,0,,,
884,10,2026-05-05,13260,2018,114,10000,1,866,317,157,101,0,,,
885,10,2026-05-06,8575,1871,82,10000,0,861,331,171,77,0,,,
886,10,2026-05-07,6213,1649,62,10000,0,876,322,166,99,0,,,
887,10,2026-05-08,10788,1943,91,10000,1,873,296,159,98,0,,,
888,10,2026-05-09,6825,1943,75,10000,0,860,325,191,71,0,,,
889,10,2026-05-10,6616,1914,38,10000,0,859,308,182,99,0,,,
890,10,2026-05-11,1942,1562,0,10000,0,868,311,183,84,0,,,
891,10,2026-05-12,8407,1839,58,10000,0,850,320,166,88,0,,,
892,10,2026-05-13,6794,1924,52,10000,0,876,322,161,82,0,,,
893,10,2026-05-14,10051,1923,72,10000,1,859,314,153,84,1,Yoga,36.0,255.0
894,10,2026-05-15,5789,1910,51,10000,0,849,321,178,95,0,,,
895,10,2026-05-16,3118,1520,19,10000,0,876,320,173,80,0,,,
896,10,2026-05-17,11919,2011,94,10000,1,870,303,161,93,1,Strength,41.0,215.0
897,10,2026-05-18,12230,1863,87,10000,1,856,322,168,70,1,Yoga,28.0,220.0
898,10,2026-05-19,8903,2026,88,10000,0,866,331,173,85,0,,,
899,10,2026-05-20,7573,1765,47,10000,0,852,317,161,82,0,,,
900,10,2026-05-21,10107,1982,73,10000,1,874,325,171,99,0,,,
901,11,2026-02-21,2212,1532,23,10000,0,1011,248,135,61,0,,,
902,11,2026-02-22,8606,2054,66,10000,0,992,256,130,47,0,,,
903,11,2026-02-23,1649,1545,15,10000,0,1020,252,133,29,0,,,
904,11,2026-02-24,10150,2089,74,10000,1,1009,254,127,43,0,,,
905,11,2026-02-25,6354,1831,55,10000,0,992,248,140,42,0,,,
906,11,2026-02-26,7188,1775,56,10000,0,998,264,128,23,0,,,
907,11,2026-02-27,6487,1973,44,10000,0,998,246,145,32,0,,,
908,11,2026-02-28,1061,1475,0,10000,0,1009,244,141,52,0,,,
909,11,2026-03-01,6644,1809,52,10000,0,1002,260,122,41,0,,,
910,11,2026-03-02,4405,1553,10,10000,0,999,273,111,47,0,,,
911,11,2026-03-03,6481,1916,66,10000,0,1005,272,150,42,0,,,
912,11,2026-03-04,10731,1901,78,10000,1,1012,260,125,49,1,Run,56.0,291.0
913,11,2026-03-05,2756,1671,27,10000,0,1008,248,111,37,0,,,
914,11,2026-03-06,5331,1647,33,10000,0,1011,267,132,72,0,,,
915,11,2026-03-07,7857,1900,67,10000,0,996,256,141,36,0,,,
916,11,2026-03-08,13588,2115,106,10000,1,1019,265,141,46,1,Run,48.0,387.0
917,11,2026-03-09,1381,1456,12,10000,0,987,238,151,49,0,,,
918,11,2026-03-10,9124,2132,79,10000,0,989,273,131,57,0,,,
919,11,2026-03-11,6259,1623,58,10000,0,1015,253,102,54,0,,,
920,11,2026-03-12,7578,1806,69,10000,0,1007,260,130,35,0,,,
921,11,2026-03-13,6538,1791,56,10000,0,1013,257,133,29,0,,,
922,11,2026-03-14,5744,1946,38,10000,0,1001,257,129,62,0,,,
923,11,2026-03-15,2861,1653,12,10000,0,1005,260,129,39,0,,,
924,11,2026-03-16,7775,1709,71,10000,0,1013,259,129,28,0,,,
925,11,2026-03-17,5859,1722,36,10000,0,1014,257,128,18,0,,,
926,11,2026-03-18,7575,1945,54,10000,0,1006,257,111,53,0,,,
927,11,2026-03-19,7867,1667,72,10000,0,1011,247,122,53,0,,,
928,11,2026-03-20,2835,1574,20,10000,0,999,242,124,56,0,,,
929,11,2026-03-21,5576,1847,45,10000,0,1009,251,120,52,0,,,
930,11,2026-03-22,9509,2007,65,10000,0,1007,265,131,49,1,Cycling,27.0,346.0
931,11,2026-03-23,10206,1906,59,10000,1,1004,262,138,43,0,,,
932,11,2026-03-24,8127,1835,56,10000,0,1010,273,129,29,0,,,
933,11,2026-03-25,10546,1910,75,10000,1,1010,242,132,25,0,,,
934,11,2026-03-26,8256,1860,58,10000,0,997,255,136,43,0,,,
935,11,2026-03-27,4504,1617,37,10000,0,1003,258,140,39,0,,,
936,11,2026-03-28,8299,1755,64,10000,0,1017,274,114,39,0,,,
937,11,2026-03-29,6727,1793,51,10000,0,1006,263,137,41,0,,,
938,11,2026-03-30,3890,1764,29,10000,0,991,263,129,41,0,,,
939,11,2026-03-31,7364,1963,57,10000,0,985,262,110,47,0,,,
940,11,2026-04-01,4866,1841,51,10000,0,1005,260,139,29,0,,,
941,11,2026-04-02,2291,1697,13,10000,0,1014,271,133,50,0,,,
942,11,2026-04-03,3132,1638,29,10000,0,1004,252,134,53,0,,,
943,11,2026-04-04,2510,1405,21,10000,0,1003,267,126,37,0,,,
944,11,2026-04-05,4194,1731,24,10000,0,997,273,133,29,0,,,
945,11,2026-04-06,2170,1676,9,10000,0,1006,260,128,40,0,,,
946,11,2026-04-07,7494,2023,61,10000,0,1031,265,140,43,0,,,
947,11,2026-04-08,5541,1704,54,10000,0,1010,234,130,33,0,,,
948,11,2026-04-09,3406,1690,23,10000,0,1007,253,134,40,0,,,
949,11,2026-04-10,1655,1538,15,10000,0,998,262,130,48,0,,,
950,11,2026-04-11,2220,1638,3,10000,0,1006,263,127,48,0,,,
951,11,2026-04-12,11301,1974,104,10000,1,1003,259,119,30,1,Yoga,60.0,429.0
952,11,2026-04-13,5648,1783,60,10000,0,1026,253,140,46,0,,,
953,11,2026-04-14,7326,1646,74,10000,0,1008,269,147,38,0,,,
954,11,2026-04-15,5893,1789,48,10000,0,1019,248,135,50,0,,,
955,11,2026-04-16,5563,1860,50,10000,0,1000,259,115,38,0,,,
956,11,2026-04-17,2890,1798,27,10000,0,1013,242,137,48,0,,,
957,11,2026-04-18,4868,1685,31,10000,0,1004,258,138,30,0,,,
958,11,2026-04-19,6535,1599,57,10000,0,1024,252,128,47,0,,,
959,11,2026-04-20,8628,1832,76,10000,0,1021,252,122,39,0,,,
960,11,2026-04-21,5510,1914,40,10000,0,1000,259,147,38,0,,,
961,11,2026-04-22,2417,1436,24,10000,0,999,273,125,38,0,,,
962,11,2026-04-23,5525,1826,47,10000,0,1017,272,126,31,0,,,
963,11,2026-04-24,3401,1649,14,10000,0,1006,266,119,35,0,,,
964,11,2026-04-25,9009,1758,77,10000,0,1000,255,131,49,1,Yoga,51.0,346.0
965,11,2026-04-26,8375,1706,63,10000,0,1012,277,130,40,0,,,
966,11,2026-04-27,6108,1640,49,10000,0,1031,264,113,35,0,,,
967,11,2026-04-28,6595,1673,45,10000,0,1015,253,134,37,0,,,
968,11,2026-04-29,8330,1687,62,10000,0,1009,267,130,43,0,,,
969,11,2026-04-30,2277,1618,19,10000,0,998,259,132,40,0,,,
970,11,2026-05-01,6841,1803,65,10000,0,996,276,117,36,0,,,
971,11,2026-05-02,4415,1746,27,10000,0,980,265,129,56,0,,,
972,11,2026-05-03,7915,1755,62,10000,0,998,277,144,49,0,,,
973,11,2026-05-04,3281,1912,24,10000,0,1010,253,132,46,0,,,
974,11,2026-05-05,8174,1919,60,10000,0,1002,252,113,34,0,,,
975,11,2026-05-06,5676,1729,39,10000,0,1013,263,126,55,0,,,
976,11,2026-05-07,6562,1905,63,10000,0,1012,271,131,41,0,,,
977,11,2026-05-08,8583,1870,63,10000,0,1005,243,142,32,0,,,
978,11,2026-05-09,3174,1672,16,10000,0,1018,269,126,65,0,,,
979,11,2026-05-10,7603,1918,75,10000,0,1012,264,118,63,0,,,
980,11,2026-05-11,2089,1653,15,10000,0,1008,249,127,54,0,,,
981,11,2026-05-12,3981,1530,33,10000,0,1013,260,122,51,0,,,
982,11,2026-05-13,6518,1781,41,10000,0,1018,267,127,38,0,,,
983,11,2026-05-14,6443,1859,35,10000,0,1006,269,123,47,0,,,
984,11,2026-05-15,6085,1729,40,10000,0,1010,259,124,55,0,,,
985,11,2026-05-16,9798,2009,91,10000,0,1019,267,126,39,0,,,
986,11,2026-05-17,7735,1805,45,10000,0,1014,257,127,25,0,,,
987,11,2026-05-18,9891,2042,70,10000,0,999,267,133,31,0,,,
988,11,2026-05-19,4793,1690,36,10000,0,1010,238,114,44,0,,,
989,11,2026-05-20,8593,1760,49,10000,0,1013,247,126,42,0,,,
990,11,2026-05-21,1830,1408,30,10000,0,1012,260,144,44,0,,,
991,12,2026-02-21,2937,1632,27,10000,0,1020,254,120,37,0,,,
992,12,2026-02-22,9930,2093,74,10000,0,1015,241,124,30,0,,,
993,12,2026-02-23,5362,1678,50,10000,0,1021,269,126,21,0,,,
994,12,2026-02-24,6592,1760,39,10000,0,1020,269,125,25,0,,,
995,12,2026-02-25,6421,1900,48,10000,0,1004,237,121,31,0,,,
996,12,2026-02-26,6706,2012,38,10000,0,1003,283,122,59,0,,,
997,12,2026-02-27,4873,1756,29,10000,0,1006,243,134,28,0,,,
998,12,2026-02-28,9256,1741,83,10000,0,1009,248,135,37,1,Run,83.0,397.0
999,12,2026-03-01,8721,1871,73,10000,0,1009,275,127,38,0,,,
1000,12,2026-03-02,1805,1474,19,10000,0,1004,261,124,45,0,,,
1001,12,2026-03-03,7461,1701,50,10000,0,989,270,130,31,0,,,
1002,12,2026-03-04,5508,1649,62,10000,0,993,254,141,31,0,,,
1003,12,2026-03-05,1749,1612,12,10000,0,1019,271,141,40,0,,,
1004,12,2026-03-06,8840,1817,67,10000,0,1005,261,108,44,0,,,
1005,12,2026-03-07,7208,1700,51,10000,0,994,265,129,39,0,,,
1006,12,2026-03-08,8380,1812,65,10000,0,990,255,128,60,0,,,
1007,12,2026-03-09,2651,1558,16,10000,0,1022,259,119,33,0,,,
1008,12,2026-03-10,7626,1785,54,10000,0,1017,263,122,37,0,,,
1009,12,2026-03-11,2937,1588,9,10000,0,1013,272,155,47,0,,,
1010,12,2026-03-12,2622,1621,11,10000,0,1011,240,147,60,0,,,
1011,12,2026-03-13,7798,1832,54,10000,0,1000,255,126,36,0,,,
1012,12,2026-03-14,1754,1464,14,10000,0,1027,245,128,36,0,,,
1013,12,2026-03-15,8278,1991,75,10000,0,1003,251,131,28,0,,,
1014,12,2026-03-16,9620,1930,70,10000,0,1017,255,127,36,1,Walk,54.0,526.0
1015,12,2026-03-17,1973,1517,6,10000,0,986,260,117,41,0,,,
1016,12,2026-03-18,8628,1819,44,10000,0,1018,248,124,50,0,,,
1017,12,2026-03-19,4436,1638,36,10000,0,1010,282,132,35,0,,,
1018,12,2026-03-20,5275,1616,40,10000,0,1009,262,138,26,0,,,
1019,12,2026-03-21,8984,1790,72,10000,0,1001,245,125,34,0,,,
1020,12,2026-03-22,5631,1843,38,10000,0,1005,268,145,60,0,,,
1021,12,2026-03-23,5664,1818,63,10000,0,1014,244,123,41,0,,,
1022,12,2026-03-24,8276,1848,56,10000,0,1009,257,129,53,0,,,
1023,12,2026-03-25,7444,1991,57,10000,0,999,242,130,40,0,,,
1024,12,2026-03-26,7315,1703,49,10000,0,1012,257,134,64,0,,,
1025,12,2026-03-27,5766,1700,38,10000,0,1024,271,96,54,0,,,
1026,12,2026-03-28,1607,1479,5,10000,0,996,245,130,50,0,,,
1027,12,2026-03-29,8105,1731,67,10000,0,997,265,117,36,0,,,
1028,12,2026-03-30,5564,1754,34,10000,0,1006,250,112,48,0,,,
1029,12,2026-03-31,2634,1677,14,10000,0,1004,241,121,38,0,,,
1030,12,2026-04-01,9825,1816,62,10000,0,1029,254,121,54,1,Strength,33.0,391.0
1031,12,2026-04-02,9321,1959,72,10000,0,1007,249,147,28,0,,,
1032,12,2026-04-03,9719,1991,80,10000,0,1025,258,118,39,1,Run,60.0,340.0
1033,12,2026-04-04,2542,1523,1,10000,0,1000,257,125,28,0,,,
1034,12,2026-04-05,11585,2128,96,10000,1,995,257,150,38,0,,,
1035,12,2026-04-06,2265,1544,31,10000,0,1006,245,114,65,0,,,
1036,12,2026-04-07,9284,1834,62,10000,0,999,266,118,46,1,Strength,33.0,376.0
1037,12,2026-04-08,5947,1707,41,10000,0,983,258,128,48,0,,,
1038,12,2026-04-09,2039,1396,15,10000,0,1028,261,136,52,0,,,
1039,12,2026-04-10,7240,1586,58,10000,0,1000,270,129,36,0,,,
1040,12,2026-04-11,6836,1645,49,10000,0,1003,257,131,41,0,,,
1041,12,2026-04-12,8458,1925,77,10000,0,1004,256,110,53,0,,,
1042,12,2026-04-13,13105,2001,106,10000,1,1014,279,147,29,1,Strength,56.0,463.0
1043,12,2026-04-14,8222,1929,57,10000,0,992,272,118,67,0,,,
1044,12,2026-04-15,12283,2108,89,10000,1,997,271,129,56,1,Run,56.0,382.0
1045,12,2026-04-16,4521,1685,27,10000,0,1015,251,125,43,0,,,
1046,12,2026-04-17,5375,1740,44,10000,0,1005,270,131,57,0,,,
1047,12,2026-04-18,6148,1957,56,10000,0,1006,262,116,63,0,,,
1048,12,2026-04-19,8162,2007,58,10000,0,1010,252,143,36,0,,,
1049,12,2026-04-20,7291,1861,56,10000,0,1020,281,145,51,0,,,
1050,12,2026-04-21,5281,1748,41,10000,0,1016,262,129,57,0,,,
1051,12,2026-04-22,8061,1895,48,10000,0,1000,269,129,46,0,,,
1052,12,2026-04-23,7135,1630,37,10000,0,1021,271,129,31,0,,,
1053,12,2026-04-24,3811,1564,22,10000,0,1004,249,121,43,0,,,
1054,12,2026-04-25,5467,1636,43,10000,0,1012,264,136,48,0,,,
1055,12,2026-04-26,4848,1670,40,10000,0,1006,249,138,37,0,,,
1056,12,2026-04-27,11525,1872,75,10000,1,1015,266,123,31,1,Yoga,38.0,387.0
1057,12,2026-04-28,7134,1823,57,10000,0,994,275,111,48,0,,,
1058,12,2026-04-29,3540,1518,33,10000,0,973,247,143,40,0,,,
1059,12,2026-04-30,7213,1726,50,10000,0,998,246,123,43,0,,,
1060,12,2026-05-01,6308,1737,43,10000,0,1011,270,134,39,0,,,
1061,12,2026-05-02,8400,1900,88,10000,0,995,253,139,44,0,,,
1062,12,2026-05-03,6485,1915,63,10000,0,1019,272,124,39,0,,,
1063,12,2026-05-04,6592,1587,40,10000,0,1015,267,127,51,0,,,
1064,12,2026-05-05,7785,1777,69,10000,0,994,269,108,34,0,,,
1065,12,2026-05-06,7975,1940,49,10000,0,1015,260,127,40,0,,,
1066,12,2026-05-07,4186,1897,32,10000,0,1008,272,117,48,0,,,
1067,12,2026-05-08,5969,1808,53,10000,0,1015,247,111,51,0,,,
1068,12,2026-05-09,3077,1721,36,10000,0,987,247,115,34,0,,,
1069,12,2026-05-10,2053,1731,18,10000,0,1013,257,132,52,0,,,
1070,12,2026-05-11,8062,1853,87,10000,0,1002,277,105,48,0,,,
1071,12,2026-05-12,6097,1772,48,10000,0,1023,255,118,61,0,,,
1072,12,2026-05-13,2448,1499,24,10000,0,985,270,131,23,0,,,
1073,12,2026-05-14,6502,1811,49,10000,0,1017,255,122,20,0,,,
1074,12,2026-05-15,6289,1681,69,10000,0,1017,281,136,50,0,,,
1075,12,2026-05-16,1420,1537,0,10000,0,1012,276,102,37,0,,,
1076,12,2026-05-17,9352,1815,97,10000,0,1024,279,123,40,0,,,
1077,12,2026-05-18,6037,1877,61,10000,0,1000,255,132,38,0,,,
1078,12,2026-05-19,8146,1956,43,10000,0,1010,259,131,42,0,,,
1079,12,2026-05-20,2826,1813,36,10000,0,1007,268,126,42,0,,,
1080,12,2026-05-21,8188,1974,75,10000,0,1015,253,119,37,0,,,
1081,13,2026-02-21,6585,1741,64,10000,0,1028,251,132,30,0,,,
1082,13,2026-02-22,5685,1668,54,10000,0,1016,250,120,52,0,,,
1083,13,2026-02-23,4011,1870,25,10000,0,1006,244,134,63,0,,,
1084,13,2026-02-24,3406,1743,1,10000,0,1014,270,133,42,0,,,
1085,13,2026-02-25,2196,1646,3,10000,0,1018,247,132,46,0,,,
1086,13,2026-02-26,5803,1860,38,10000,0,996,257,115,40,0,,,
1087,13,2026-02-27,1597,1580,19,10000,0,1012,265,129,64,0,,,
1088,13,2026-02-28,1713,1573,3,10000,0,1015,237,125,52,0,,,
1089,13,2026-03-01,2770,1573,11,10000,0,1019,257,128,49,0,,,
1090,13,2026-03-02,6120,1768,53,10000,0,1007,245,135,48,0,,,
1091,13,2026-03-03,9386,2178,74,10000,0,1003,274,127,37,0,,,
1092,13,2026-03-04,5556,1671,39,10000,0,1016,264,128,48,0,,,
1093,13,2026-03-05,4533,1731,44,10000,0,1003,264,145,30,0,,,
1094,13,2026-03-06,9319,2121,69,10000,0,1008,267,138,46,1,Strength,39.0,351.0
1095,13,2026-03-07,7909,1839,52,10000,0,1015,275,121,29,0,,,
1096,13,2026-03-08,2169,1492,30,10000,0,1031,243,123,49,0,,,
1097,13,2026-03-09,3772,1566,30,10000,0,1028,255,119,47,0,,,
1098,13,2026-03-10,4664,1595,46,10000,0,1001,249,139,54,0,,,
1099,13,2026-03-11,5585,1732,32,10000,0,1018,247,135,42,0,,,
1100,13,2026-03-12,6595,1706,54,10000,0,1005,257,114,41,0,,,
1101,13,2026-03-13,1615,1727,14,10000,0,1010,256,129,38,0,,,
1102,13,2026-03-14,7026,1841,41,10000,0,1003,234,129,29,0,,,
1103,13,2026-03-15,2789,1492,31,10000,0,1009,254,137,40,0,,,
1104,13,2026-03-16,2032,1672,19,10000,0,1005,255,128,24,0,,,
1105,13,2026-03-17,500,1525,1,10000,0,1011,254,137,31,0,,,
1106,13,2026-03-18,3228,1721,20,10000,0,1019,263,143,30,0,,,
1107,13,2026-03-19,7430,1816,55,10000,0,1006,258,120,46,0,,,
1108,13,2026-03-20,5114,1471,38,10000,0,992,262,139,46,0,,,
1109,13,2026-03-21,12409,1867,104,10000,1,1005,259,135,20,1,Strength,63.0,408.0
1110,13,2026-03-22,1843,1674,16,10000,0,1029,261,117,27,0,,,
1111,13,2026-03-23,4511,1684,23,10000,0,1012,265,136,40,0,,,
1112,13,2026-03-24,3020,1796,33,10000,0,1000,265,141,61,0,,,
1113,13,2026-03-25,10121,2051,61,10000,1,1007,253,132,39,0,,,
1114,13,2026-03-26,5846,1614,36,10000,0,1014,246,142,52,0,,,
1115,13,2026-03-27,7267,1640,55,10000,0,1011,277,118,31,0,,,
1116,13,2026-03-28,6612,1692,49,10000,0,1011,233,129,35,0,,,
1117,13,2026-03-29,7006,1646,55,10000,0,1007,259,123,41,0,,,
1118,13,2026-03-30,11841,2218,85,10000,1,1014,261,132,27,1,Cycling,43.0,301.0
1119,13,2026-03-31,7487,1877,48,10000,0,998,243,109,27,0,,,
1120,13,2026-04-01,5205,1949,24,10000,0,998,250,138,59,0,,,
1121,13,2026-04-02,2671,1771,9,10000,0,1007,249,120,38,0,,,
1122,13,2026-04-03,4728,1857,36,10000,0,1013,266,137,33,0,,,
1123,13,2026-04-04,7324,1739,57,10000,0,1011,269,141,40,0,,,
1124,13,2026-04-05,2471,1585,5,10000,0,998,246,116,43,0,,,
1125,13,2026-04-06,6764,1754,68,10000,0,1004,237,141,48,0,,,
1126,13,2026-04-07,3264,1470,26,10000,0,1010,270,147,52,0,,,
1127,13,2026-04-08,4821,1772,36,10000,0,1014,260,135,53,0,,,
1128,13,2026-04-09,9410,1995,69,10000,0,1000,269,129,62,1,Strength,40.0,413.0
1129,13,2026-04-10,3981,1551,32,10000,0,1002,265,119,45,0,,,
1130,13,2026-04-11,9945,2014,86,10000,0,996,268,115,29,1,Run,74.0,438.0
1131,13,2026-04-12,7645,1780,60,10000,0,1010,259,143,26,0,,,
1132,13,2026-04-13,1966,1617,14,10000,0,1017,254,123,47,0,,,
1133,13,2026-04-14,5307,1682,51,10000,0,1023,271,130,59,0,,,
1134,13,2026-04-15,10427,1886,68,10000,1,1011,242,135,21,1,Cycling,46.0,290.0
1135,13,2026-04-16,3706,1567,37,10000,0,1020,265,134,66,0,,,
1136,13,2026-04-17,5024,1795,23,10000,0,1019,256,121,32,0,,,
1137,13,2026-04-18,2466,1576,24,10000,0,998,278,129,36,0,,,
1138,13,2026-04-19,2659,1776,7,10000,0,1011,252,133,47,0,,,
1139,13,2026-04-20,7381,1890,50,10000,0,1006,262,124,50,0,,,
1140,13,2026-04-21,7019,1775,66,10000,0,1004,253,149,58,0,,,
1141,13,2026-04-22,7326,1824,65,10000,0,1012,261,143,54,0,,,
1142,13,2026-04-23,8369,1762,72,10000,0,1010,267,148,31,0,,,
1143,13,2026-04-24,6829,1852,61,10000,0,1012,252,130,41,0,,,
1144,13,2026-04-25,8067,1951,61,10000,0,1001,260,131,46,0,,,
1145,13,2026-04-26,7383,1706,43,10000,0,1011,250,122,45,0,,,
1146,13,2026-04-27,6752,1974,57,10000,0,1017,274,118,39,0,,,
1147,13,2026-04-28,10312,1912,70,10000,1,1027,254,137,46,0,,,
1148,13,2026-04-29,9458,1945,66,10000,0,1032,258,128,46,0,,,
1149,13,2026-04-30,8301,1753,63,10000,0,1018,243,134,50,0,,,
1150,13,2026-05-01,6238,1781,64,10000,0,1008,260,128,45,0,,,
1151,13,2026-05-02,9209,1924,70,10000,0,999,247,131,45,1,Walk,39.0,250.0
1152,13,2026-05-03,8052,2022,50,10000,0,1003,247,116,36,0,,,
1153,13,2026-05-04,3863,1729,8,10000,0,1017,248,112,34,0,,,
1154,13,2026-05-05,5350,1563,34,10000,0,1001,249,133,48,0,,,
1155,13,2026-05-06,8370,1720,62,10000,0,1007,238,121,29,0,,,
1156,13,2026-05-07,6183,1746,46,10000,0,1002,257,121,58,0,,,
1157,13,2026-05-08,6074,1618,53,10000,0,1011,253,127,32,0,,,
1158,13,2026-05-09,7932,1925,67,10000,0,1010,258,125,35,0,,,
1159,13,2026-05-10,3216,1711,22,10000,0,989,282,127,44,0,,,
1160,13,2026-05-11,5059,1787,41,10000,0,1026,268,122,51,0,,,
1161,13,2026-05-12,3836,1541,22,10000,0,1000,249,134,33,0,,,
1162,13,2026-05-13,3683,1641,31,10000,0,991,264,109,46,0,,,
1163,13,2026-05-14,7746,1812,51,10000,0,1006,267,128,49,0,,,
1164,13,2026-05-15,7426,1815,44,10000,0,1010,271,132,46,0,,,
1165,13,2026-05-16,4891,1607,24,10000,0,1014,267,129,43,0,,,
1166,13,2026-05-17,7041,1760,55,10000,0,1015,254,127,40,0,,,
1167,13,2026-05-18,5739,1684,41,10000,0,996,267,116,49,0,,,
1168,13,2026-05-19,7906,1915,49,10000,0,1000,261,112,40,0,,,
1169,13,2026-05-20,5597,1727,37,10000,0,1007,256,137,29,0,,,
1170,13,2026-05-21,10920,1997,96,10000,1,996,269,138,41,0,,,
1171,14,2026-02-21,9792,1792,85,10000,0,1007,265,147,35,0,,,
1172,14,2026-02-22,8680,1764,61,10000,0,1000,261,130,45,0,,,
1173,14,2026-02-23,7148,1816,49,10000,0,1008,250,117,30,0,,,
1174,14,2026-02-24,8065,1918,63,10000,0,1012,259,142,46,0,,,
1175,14,2026-02-25,7328,1897,42,10000,0,1004,249,128,55,0,,,
1176,14,2026-02-26,2871,1467,12,10000,0,1004,274,118,43,0,,,
1177,14,2026-02-27,8962,1975,61,10000,0,996,268,135,45,0,,,
1178,14,2026-02-28,7686,1782,53,10000,0,999,266,128,39,0,,,
1179,14,2026-03-01,8497,1850,57,10000,0,1004,255,121,40,0,,,
1180,14,2026-03-02,1836,1551,15,10000,0,1010,262,122,53,0,,,
1181,14,2026-03-03,6313,1831,46,10000,0,1012,256,140,43,0,,,
1182,14,2026-03-04,4812,1576,47,10000,0,1006,260,119,43,0,,,
1183,14,2026-03-05,8585,1918,60,10000,0,1007,273,122,35,0,,,
1184,14,2026-03-06,7007,1857,54,10000,0,1002,268,107,42,0,,,
1185,14,2026-03-07,4153,1780,52,10000,0,998,258,124,48,0,,,
1186,14,2026-03-08,1820,1579,8,10000,0,1013,272,118,38,0,,,
1187,14,2026-03-09,7596,1882,72,10000,0,1013,262,131,44,0,,,
1188,14,2026-03-10,7563,1964,62,10000,0,1013,249,124,51,0,,,
1189,14,2026-03-11,8710,1981,62,10000,0,1016,250,144,47,0,,,
1190,14,2026-03-12,1484,1611,19,10000,0,1011,276,129,56,0,,,
1191,14,2026-03-13,7376,1905,53,10000,0,1000,254,127,65,0,,,
1192,14,2026-03-14,2829,1683,31,10000,0,991,279,135,42,0,,,
1193,14,2026-03-15,3495,1475,21,10000,0,998,251,138,39,0,,,
1194,14,2026-03-16,5436,1736,41,10000,0,1018,254,126,41,0,,,
1195,14,2026-03-17,1702,1714,10,10000,0,999,248,129,55,0,,,
1196,14,2026-03-18,3506,1750,23,10000,0,995,236,125,47,0,,,
1197,14,2026-03-19,9588,1753,60,10000,0,1014,245,125,44,1,Run,40.0,197.0
1198,14,2026-03-20,7884,1904,58,10000,0,1003,251,115,31,0,,,
1199,14,2026-03-21,12034,1941,90,10000,1,1004,277,112,65,0,,,
1200,14,2026-03-22,6886,1743,39,10000,0,1033,278,119,50,0,,,
1201,14,2026-03-23,8606,1959,66,10000,0,999,257,124,48,0,,,
1202,14,2026-03-24,5895,1722,43,10000,0,1015,266,133,46,0,,,
1203,14,2026-03-25,6983,2032,51,10000,0,1014,252,119,41,0,,,
1204,14,2026-03-26,2019,1533,21,10000,0,1010,264,130,52,0,,,
1205,14,2026-03-27,9770,1990,86,10000,0,1014,261,131,48,1,Run,34.0,292.0
1206,14,2026-03-28,2677,1694,13,10000,0,1011,250,135,49,0,,,
1207,14,2026-03-29,6390,1823,40,10000,0,1011,271,126,44,0,,,
1208,14,2026-03-30,2186,1582,19,10000,0,1016,244,118,36,0,,,
1209,14,2026-03-31,4634,1764,28,10000,0,1019,264,111,37,0,,,
1210,14,2026-04-01,8762,1947,83,10000,0,1005,256,147,43,0,,,
1211,14,2026-04-02,6207,1845,45,10000,0,988,264,121,39,0,,,
1212,14,2026-04-03,3797,1781,37,10000,0,1006,272,146,48,0,,,
1213,14,2026-04-04,8171,2007,40,10000,0,1001,270,125,59,0,,,
1214,14,2026-04-05,7612,1935,43,10000,0,993,266,115,40,0,,,
1215,14,2026-04-06,1421,1631,11,10000,0,1007,251,136,59,0,,,
1216,14,2026-04-07,3593,1783,12,10000,0,1012,253,113,48,0,,,
1217,14,2026-04-08,6104,1611,52,10000,0,1009,265,126,51,0,,,
1218,14,2026-04-09,3515,1639,33,10000,0,1008,261,146,42,0,,,
1219,14,2026-04-10,6312,1657,46,10000,0,1021,256,123,25,0,,,
1220,14,2026-04-11,7080,1888,62,10000,0,1017,268,130,36,0,,,
1221,14,2026-04-12,8474,1982,63,10000,0,1007,266,137,54,0,,,
1222,14,2026-04-13,5571,1684,34,10000,0,1012,264,156,41,0,,,
1223,14,2026-04-14,6249,1864,47,10000,0,1002,271,131,37,0,,,
1224,14,2026-04-15,4883,1673,30,10000,0,1019,274,133,30,0,,,
1225,14,2026-04-16,2434,1776,49,10000,0,991,269,128,53,0,,,
1226,14,2026-04-17,4711,1807,57,10000,0,1024,271,122,36,0,,,
1227,14,2026-04-18,7300,1640,48,10000,0,997,252,116,39,0,,,
1228,14,2026-04-19,8237,1853,56,10000,0,999,248,125,43,0,,,
1229,14,2026-04-20,8321,1816,67,10000,0,988,248,128,48,0,,,
1230,14,2026-04-21,4919,1641,34,10000,0,1024,260,131,42,0,,,
1231,14,2026-04-22,7340,1739,62,10000,0,1010,247,110,62,0,,,
1232,14,2026-04-23,7390,1824,42,10000,0,1000,267,134,41,0,,,
1233,14,2026-04-24,3409,1804,22,10000,0,1002,266,122,45,0,,,
1234,14,2026-04-25,1749,1600,9,10000,0,1022,259,141,51,0,,,
1235,14,2026-04-26,8506,1872,60,10000,0,992,260,134,44,0,,,
1236,14,2026-04-27,2268,1607,45,10000,0,1009,261,129,46,0,,,
1237,14,2026-04-28,1803,1571,0,10000,0,1013,249,115,32,0,,,
1238,14,2026-04-29,4086,1751,34,10000,0,999,253,122,48,0,,,
1239,14,2026-04-30,1821,1642,11,10000,0,1012,254,121,43,0,,,
1240,14,2026-05-01,6058,1906,56,10000,0,1015,258,141,28,0,,,
1241,14,2026-05-02,2881,1704,24,10000,0,1003,252,139,52,0,,,
1242,14,2026-05-03,5096,1608,44,10000,0,1007,280,114,34,0,,,
1243,14,2026-05-04,14003,2171,112,10000,1,1003,268,133,46,1,Strength,37.0,372.0
1244,14,2026-05-05,8372,1773,58,10000,0,1004,233,149,18,0,,,
1245,14,2026-05-06,8952,1956,62,10000,0,996,270,120,39,0,,,
1246,14,2026-05-07,10175,1953,93,10000,1,1008,241,133,40,0,,,
1247,14,2026-05-08,7049,1769,51,10000,0,1019,260,132,53,0,,,
1248,14,2026-05-09,9944,1914,51,10000,0,1015,262,125,54,1,Walk,45.0,354.0
1249,14,2026-05-10,5654,1871,59,10000,0,1010,274,131,40,0,,,
1250,14,2026-05-11,11102,2193,86,10000,1,1015,271,129,43,0,,,
1251,14,2026-05-12,5147,1657,18,10000,0,998,250,123,51,0,,,
1252,14,2026-05-13,8185,1882,63,10000,0,1005,254,129,37,0,,,
1253,14,2026-05-14,2503,1409,17,10000,0,1013,248,139,48,0,,,
1254,14,2026-05-15,9604,1929,80,10000,0,998,255,135,36,1,Strength,51.0,279.0
1255,14,2026-05-16,9948,1996,65,10000,0,1005,257,123,39,1,Strength,57.0,335.0
1256,14,2026-05-17,8839,1975,39,10000,0,1006,265,142,46,0,,,
1257,14,2026-05-18,1813,1700,0,10000,0,1006,248,133,39,0,,,
1258,14,2026-05-19,3153,1664,29,10000,0,1005,265,127,51,0,,,
1259,14,2026-05-20,2594,1385,26,10000,0,1013,271,119,50,0,,,
1260,14,2026-05-21,4089,1625,36,10000,0,1008,251,116,45,0,,,
1261,15,2026-02-21,6608,1909,39,10000,0,1010,243,133,42,0,,,
1262,15,2026-02-22,8281,1838,74,10000,0,990,272,118,39,0,,,
1263,15,2026-02-23,3559,1708,27,10000,0,1006,277,131,51,0,,,
1264,15,2026-02-24,1845,1492,0,10000,0,991,253,134,55,0,,,
1265,15,2026-02-25,2307,1603,19,10000,0,1000,261,140,37,0,,,
1266,15,2026-02-26,7409,2086,41,10000,0,1003,264,132,53,0,,,
1267,15,2026-02-27,7108,1913,48,10000,0,990,259,141,59,0,,,
1268,15,2026-02-28,6617,1774,64,10000,0,1008,268,123,46,0,,,
1269,15,2026-03-01,6659,1724,48,10000,0,1006,259,111,41,0,,,
1270,15,2026-03-02,6957,1657,56,10000,0,1016,262,137,37,0,,,
1271,15,2026-03-03,6897,1973,53,10000,0,997,273,114,8,0,,,
1272,15,2026-03-04,4858,1704,37,10000,0,1022,253,141,39,0,,,
1273,15,2026-03-05,4457,1827,38,10000,0,1020,264,133,46,0,,,
1274,15,2026-03-06,7884,1898,66,10000,0,1003,266,117,39,0,,,
1275,15,2026-03-07,3086,1562,27,10000,0,1006,253,112,34,0,,,
1276,15,2026-03-08,4471,1774,32,10000,0,1015,248,125,33,0,,,
1277,15,2026-03-09,6712,1911,67,10000,0,1004,257,119,30,0,,,
1278,15,2026-03-10,1735,1715,22,10000,0,1003,252,134,33,0,,,
1279,15,2026-03-11,5423,1725,43,10000,0,1001,257,133,34,0,,,
1280,15,2026-03-12,8448,1962,71,10000,0,992,255,130,34,0,,,
1281,15,2026-03-13,3251,1738,20,10000,0,1020,251,135,30,0,,,
1282,15,2026-03-14,4993,1715,49,10000,0,1010,244,127,34,0,,,
1283,15,2026-03-15,10045,1853,59,10000,1,1001,240,128,67,0,,,
1284,15,2026-03-16,2897,1758,29,10000,0,1006,257,118,40,0,,,
1285,15,2026-03-17,2327,1632,10,10000,0,1011,253,131,57,0,,,
1286,15,2026-03-18,2161,1592,1,10000,0,1005,263,132,38,0,,,
1287,15,2026-03-19,5008,1592,29,10000,0,1016,269,140,54,0,,,
1288,15,2026-03-20,4290,1585,40,10000,0,1008,267,139,35,0,,,
1289,15,2026-03-21,5022,1745,21,10000,0,1004,262,139,43,0,,,
1290,15,2026-03-22,2837,1658,26,10000,0,1003,262,131,42,0,,,
1291,15,2026-03-23,10837,2022,89,10000,1,1011,250,126,56,1,Run,44.0,380.0
1292,15,2026-03-24,2498,1637,31,10000,0,1010,250,124,49,0,,,
1293,15,2026-03-25,8832,1587,70,10000,0,1010,278,129,53,0,,,
1294,15,2026-03-26,5382,1764,28,10000,0,993,258,105,38,0,,,
1295,15,2026-03-27,3335,1562,41,10000,0,1007,247,128,53,0,,,
1296,15,2026-03-28,5036,1815,35,10000,0,1009,246,122,58,0,,,
1297,15,2026-03-29,2642,1751,21,10000,0,1014,260,129,52,0,,,
1298,15,2026-03-30,11024,2181,84,10000,1,1002,248,118,51,1,Walk,52.0,361.0
1299,15,2026-03-31,8537,1957,54,10000,0,999,251,131,66,0,,,
1300,15,2026-04-01,2616,1496,19,10000,0,991,256,125,41,0,,,
1301,15,2026-04-02,5251,1861,37,10000,0,1017,239,106,51,0,,,
1302,15,2026-04-03,5711,1747,44,10000,0,1032,248,122,59,0,,,
1303,15,2026-04-04,7716,1638,66,10000,0,1003,249,115,45,0,,,
1304,15,2026-04-05,10348,1996,63,10000,1,995,255,137,22,1,Cycling,41.0,370.0
1305,15,2026-04-06,3898,1917,34,10000,0,1006,257,112,40,0,,,
1306,15,2026-04-07,2879,1604,23,10000,0,1008,270,129,47,0,,,
1307,15,2026-04-08,11532,1940,97,10000,1,995,277,129,41,0,,,
1308,15,2026-04-09,7469,1923,67,10000,0,1011,243,119,54,0,,,
1309,15,2026-04-10,3028,1476,9,10000,0,990,246,117,57,0,,,
1310,15,2026-04-11,1762,1573,8,10000,0,1005,244,136,27,0,,,
1311,15,2026-04-12,12158,2066,100,10000,1,1002,251,146,31,1,Cycling,39.0,374.0
1312,15,2026-04-13,7155,1704,43,10000,0,1004,246,139,56,0,,,
1313,15,2026-04-14,11393,1943,108,10000,1,1004,251,127,33,1,Cycling,40.0,427.0
1314,15,2026-04-15,6995,1835,65,10000,0,1007,263,119,49,0,,,
1315,15,2026-04-16,5593,1860,32,10000,0,1012,255,122,28,0,,,
1316,15,2026-04-17,5132,1530,36,10000,0,1004,262,130,33,0,,,
1317,15,2026-04-18,6835,1632,41,10000,0,1015,256,122,29,0,,,
1318,15,2026-04-19,5388,1700,34,10000,0,1005,261,120,53,0,,,
1319,15,2026-04-20,3704,1845,46,10000,0,1012,257,132,46,0,,,
1320,15,2026-04-21,4810,1653,50,10000,0,1007,245,126,54,0,,,
1321,15,2026-04-22,1988,1699,11,10000,0,1000,275,137,39,0,,,
1322,15,2026-04-23,7554,1888,47,10000,0,1016,266,133,32,0,,,
1323,15,2026-04-24,2574,1590,40,10000,0,998,268,119,48,0,,,
1324,15,2026-04-25,7255,1890,48,10000,0,989,262,125,38,0,,,
1325,15,2026-04-26,6746,1557,45,10000,0,990,247,153,49,0,,,
1326,15,2026-04-27,6084,1622,53,10000,0,1003,261,134,37,0,,,
1327,15,2026-04-28,7688,1712,60,10000,0,1017,253,142,34,0,,,
1328,15,2026-04-29,10829,2005,63,10000,1,998,264,138,30,0,,,
1329,15,2026-04-30,6710,1885,57,10000,0,998,243,136,46,0,,,
1330,15,2026-05-01,1980,1685,3,10000,0,1010,253,136,35,0,,,
1331,15,2026-05-02,6387,1765,56,10000,0,1006,249,117,33,0,,,
1332,15,2026-05-03,500,1649,3,10000,0,1002,268,125,45,0,,,
1333,15,2026-05-04,4530,1651,36,10000,0,997,244,116,42,0,,,
1334,15,2026-05-05,8461,1887,72,10000,0,998,262,132,41,0,,,
1335,15,2026-05-06,7441,1767,62,10000,0,984,248,134,40,0,,,
1336,15,2026-05-07,5736,1625,41,10000,0,1004,248,128,37,0,,,
1337,15,2026-05-08,2241,1754,19,10000,0,1009,261,120,50,0,,,
1338,15,2026-05-09,10471,2072,64,10000,1,1002,255,110,52,1,Yoga,29.0,359.0
1339,15,2026-05-10,5554,1744,13,10000,0,1011,268,134,49,0,,,
1340,15,2026-05-11,6536,1903,53,10000,0,1006,268,130,33,0,,,
1341,15,2026-05-12,6670,1780,43,10000,0,1012,265,140,48,0,,,
1342,15,2026-05-13,1353,1647,27,10000,0,993,271,146,23,0,,,
1343,15,2026-05-14,5704,1884,23,10000,0,1009,259,144,51,0,,,
1344,15,2026-05-15,6454,1794,43,10000,0,1012,258,117,61,0,,,
1345,15,2026-05-16,4381,1564,49,10000,0,1014,269,138,41,0,,,
1346,15,2026-05-17,8110,1879,74,10000,0,999,276,116,51,0,,,
1347,15,2026-05-18,9815,2155,70,10000,0,1021,259,128,40,0,,,
1348,15,2026-05-19,2605,1345,16,10000,0,1019,261,116,25,0,,,
1349,15,2026-05-20,10543,1975,93,10000,1,1012,261,131,47,0,,,
1350,15,2026-05-21,6666,1670,50,10000,0,1026,269,124,43,0,,,
