user_id,date,readiness_score,sleep_score,activity_score,hrv_balance,recovery_index,sleep_balance,activity_balance,body_temp_score
1,2026-02-21,58,79,100,21,60,76,100,98
1,2026-02-22,58,75,100,29,57,69,100,86
1,2026-02-23,58,73,100,19,59,73,98,89
1,2026-02-24,67,80,100,41,67,80,100,85
1,2026-02-25,67,87,100,34,68,85,100,87
1,2026-02-26,72,88,100,41,76,88,96,96
1,2026-02-27,66,89,100,35,66,91,92,98
1,2026-02-28,64,76,100,29,66,74,100,96
1,2026-03-01,78,95,100,47,84,98,97,99
1,2026-03-02,68,90,100,39,71,95,100,85
1,2026-03-03,52,75,100,9,55,82,97,93
1,2026-03-04,68,86,100,30,69,88,100,96
1,2026-03-05,63,83,100,27,67,86,98,94
1,2026-03-06,60,75,100,21,59,73,100,77
1,2026-03-07,74,88,100,34,74,84,100,91
1,2026-03-08,62,77,100,32,61,75,99,92
1,2026-03-09,63,79,100,24,69,80,97,87
1,2026-03-10,72,91,100,45,78,90,100,96
1,2026-03-11,75,91,100,54,75,88,100,100
1,2026-03-12,63,78,100,31,65,81,99,100
1,2026-03-13,70,81,100,43,75,80,98,95
1,2026-03-14,63,79,100,29,64,79,100,91
1,2026-03-15,77,94,100,49,75,89,100,96
1,2026-03-16,63,76,100,32,64,81,100,90
1,2026-03-17,72,90,100,47,74,85,100,92
1,2026-03-18,65,83,100,35,72,79,98,86
1,2026-03-19,75,84,100,55,75,85,100,85
1,2026-03-20,72,92,100,42,74,88,99,93
1,2026-03-21,71,82,100,49,71,80,100,92
1,2026-03-22,75,93,100,54,84,92,100,94
1,2026-03-23,64,82,100,30,65,90,99,100
1,2026-03-24,73,94,100,44,79,89,95,99
1,2026-03-25,74,87,100,40,79,86,100,90
1,2026-03-26,68,86,100,42,77,86,99,92
1,2026-03-27,63,77,100,32,63,77,100,98
1,2026-03-28,72,83,100,45,64,86,96,100
1,2026-03-29,64,81,100,30,68,80,100,100
1,2026-03-30,60,82,100,24,61,79,100,89
1,2026-03-31,59,76,100,24,61,73,98,97
1,2026-04-01,73,89,100,43,70,91,100,92
1,2026-04-02,66,81,100,45,69,78,100,89
1,2026-04-03,69,91,93,40,74,93,93,87
1,2026-04-04,62,85,100,32,75,87,100,77
1,2026-04-05,55,79,100,21,62,78,100,99
1,2026-04-06,70,87,100,28,70,86,100,100
1,2026-04-07,60,85,100,28,67,85,96,90
1,2026-04-08,71,87,100,40,74,84,100,77
1,2026-04-09,73,91,100,44,78,90,98,100
1,2026-04-10,60,80,100,19,63,81,100,62
1,2026-04-11,67,88,100,35,70,89,98,90
1,2026-04-12,67,85,100,35,75,86,99,94
1,2026-04-13,54,71,100,25,56,69,97,89
1,2026-04-14,74,93,100,40,73,100,97,86
1,2026-04-15,67,77,100,39,62,74,97,88
1,2026-04-16,72,93,100,41,74,94,100,90
1,2026-04-17,68,86,100,39,68,90,100,99
1,2026-04-18,73,92,100,53,81,89,100,96
1,2026-04-19,70,85,100,36,72,85,98,77
1,2026-04-20,55,77,100,11,61,73,100,63
1,2026-04-21,70,84,100,33,71,85,99,93
1,2026-04-22,72,96,100,37,77,93,99,91
1,2026-04-23,69,91,100,29,82,89,98,97
1,2026-04-24,74,89,100,43,72,94,100,95
1,2026-04-25,67,84,100,30,69,81,96,98
1,2026-04-26,62,78,100,30,60,78,100,96
1,2026-04-27,64,89,100,25,73,91,99,98
1,2026-04-28,63,79,100,33,64,76,100,85
1,2026-04-29,61,78,100,29,63,84,98,100
1,2026-04-30,69,98,100,34,75,95,97,93
1,2026-05-01,61,70,100,30,59,67,92,100
1,2026-05-02,57,73,100,15,53,78,100,90
1,2026-05-03,64,77,100,28,64,78,95,91
1,2026-05-04,65,83,100,24,66,82,100,81
1,2026-05-05,78,89,100,50,81,87,100,97
1,2026-05-06,76,99,100,44,85,100,96,96
1,2026-05-07,64,79,100,38,68,80,100,100
1,2026-05-08,72,83,100,48,75,84,100,98
1,2026-05-09,78,94,100,46,83,98,94,85
1,2026-05-10,68,87,100,36,72,84,100,92
1,2026-05-11,67,90,100,27,70,86,100,90
1,2026-05-12,66,81,100,42,67,84,100,84
1,2026-05-13,64,82,100,30,62,82,100,100
1,2026-05-14,74,85,100,44,68,82,100,80
1,2026-05-15,71,90,100,38,79,87,100,95
1,2026-05-16,70,85,100,43,71,84,100,84
1,2026-05-17,73,91,100,45,78,87,100,97
1,2026-05-18,60,81,100,12,58,83,99,98
1,2026-05-19,75,93,100,44,78,91,97,83
1,2026-05-20,66,79,100,35,67,73,100,95
1,2026-05-21,63,79,100,29,63,76,100,84
2,2026-02-21,66,80,100,33,71,76,100,87
2,2026-02-22,71,83,100,38,66,83,98,92
2,2026-02-23,58,76,100,18,58,78,100,86
2,2026-02-24,74,91,100,45,78,91,100,93
2,2026-02-25,70,85,93,38,72,88,94,100
2,2026-02-26,72,88,100,48,80,93,100,91
2,2026-02-27,69,84,100,40,69,88,100,79
2,2026-02-28,63,71,100,35,58,75,100,86
2,2026-03-01,71,85,100,29,67,93,100,85
2,2026-03-02,70,89,100,41,70,89,99,98
2,2026-03-03,61,75,100,22,66,73,97,99
2,2026-03-04,65,87,100,34,72,85,97,85
2,2026-03-05,71,88,100,33,74,90,100,97
2,2026-03-06,60,79,100,25,65,80,100,95
2,2026-03-07,68,81,100,27,68,78,94,98
2,2026-03-08,61,84,100,28,69,80,99,80
2,2026-03-09,64,87,100,27,67,90,100,99
2,2026-03-10,63,80,100,30,65,80,100,96
2,2026-03-11,68,82,100,30,71,80,100,85
2,2026-03-12,78,99,100,50,82,98,100,86
2,2026-03-13,80,87,100,61,85,91,100,97
2,2026-03-14,64,90,100,26,64,89,99,88
2,2026-03-15,63,79,100,31,62,80,100,83
2,2026-03-16,64,79,100,45,69,82,100,100
2,2026-03-17,74,100,100,47,83,99,97,90
2,2026-03-18,70,86,100,41,67,86,100,87
2,2026-03-19,59,78,100,25,59,78,99,94
2,2026-03-20,65,80,100,29,66,84,100,95
2,2026-03-21,63,80,100,42,64,83,100,95
2,2026-03-22,68,83,100,42,69,83,98,96
2,2026-03-23,60,73,100,29,55,72,100,96
2,2026-03-24,65,83,100,27,66,76,100,84
2,2026-03-25,66,85,100,31,72,84,100,91
2,2026-03-26,54,66,100,17,52,62,100,100
2,2026-03-27,69,93,100,43,76,97,98,100
2,2026-03-28,59,75,100,27,63,75,100,94
2,2026-03-29,74,88,100,44,75,92,97,93
2,2026-03-30,61,70,100,23,60,68,96,75
2,2026-03-31,69,88,100,44,74,82,100,95
2,2026-04-01,67,80,100,36,64,82,98,83
2,2026-04-02,65,84,100,40,72,82,100,94
2,2026-04-03,67,83,100,28,71,82,100,92
2,2026-04-04,66,79,100,40,64,82,100,87
2,2026-04-05,65,76,100,35,64,78,100,78
2,2026-04-06,68,88,100,36,73,85,100,97
2,2026-04-07,65,79,100,37,66,81,99,98
2,2026-04-08,62,85,100,31,68,85,100,96
2,2026-04-09,68,84,100,37,67,80,98,99
2,2026-04-10,68,78,100,34,65,77,100,96
2,2026-04-11,66,81,100,32,68,81,98,96
2,2026-04-12,69,89,100,46,74,92,98,98
2,2026-04-13,67,85,100,20,68,81,98,95
2,2026-04-14,72,87,100,45,72,87,100,96
2,2026-04-15,79,97,100,54,85,96,97,95
2,2026-04-16,62,82,100,19,66,81,100,93
2,2026-04-17,68,89,100,36,69,91,100,74
2,2026-04-18,68,90,100,41,77,88,100,97
2,2026-04-19,71,93,100,41,72,90,97,85
2,2026-04-20,73,100,100,49,87,99,98,90
2,2026-04-21,68,81,100,28,65,83,100,96
2,2026-04-22,67,85,100,35,77,90,100,90
2,2026-04-23,62,78,100,24,59,83,100,98
2,2026-04-24,63,77,100,38,65,77,96,99
2,2026-04-25,59,77,100,23,62,72,99,89
2,2026-04-26,60,75,100,23,59,80,95,46
2,2026-04-27,73,95,100,41,82,94,99,89
2,2026-04-28,68,95,100,37,81,90,97,92
2,2026-04-29,68,85,100,36,70,85,100,100
2,2026-04-30,82,91,100,59,84,97,100,83
2,2026-05-01,55,75,100,13,63,71,100,77
2,2026-05-02,75,100,100,41,81,98,100,100
2,2026-05-03,68,82,100,35,71,83,100,60
2,2026-05-04,67,85,100,32,68,77,99,71
2,2026-05-05,65,88,100,26,78,91,100,100
2,2026-05-06,65,85,100,32,73,79,100,88
2,2026-05-07,66,81,100,31,69,87,100,94
2,2026-05-08,67,83,100,30,73,86,100,83
2,2026-05-09,74,83,100,49,73,84,100,90
2,2026-05-10,77,99,100,46,85,99,97,90
2,2026-05-11,57,70,100,21,52,71,100,83
2,2026-05-12,67,83,100,34,65,86,100,79
2,2026-05-13,72,89,100,56,73,88,100,94
2,2026-05-14,68,82,100,35,70,80,97,100
2,2026-05-15,73,94,100,43,82,90,100,94
2,2026-05-16,71,90,100,49,74,92,100,100
2,2026-05-17,70,87,100,49,72,86,100,94
2,2026-05-18,60,76,100,22,55,78,100,96
2,2026-05-19,72,92,100,40,70,89,95,97
2,2026-05-20,68,90,100,34,70,93,100,91
2,2026-05-21,61,82,100,27,66,80,100,83
3,2026-02-21,64,82,100,32,69,82,100,96
3,2026-02-22,65,84,100,43,70,84,100,90
3,2026-02-23,65,85,100,35,71,83,97,99
3,2026-02-24,74,91,100,56,80,88,100,93
3,2026-02-25,72,89,100,42,76,92,100,97
3,2026-02-26,69,87,100,33,71,88,98,100
3,2026-02-27,67,84,100,39,73,82,95,97
3,2026-02-28,69,85,100,46,79,83,100,93
3,2026-03-01,68,84,100,38,74,84,100,96
3,2026-03-02,65,83,100,26,66,80,100,98
3,2026-03-03,70,84,100,38,67,84,98,94
3,2026-03-04,65,80,100,35,69,78,100,92
3,2026-03-05,67,88,100,33,77,85,100,89
3,2026-03-06,68,88,100,30,71,92,100,79
3,2026-03-07,69,92,100,51,83,96,100,97
3,2026-03-08,67,82,100,51,70,83,100,97
3,2026-03-09,65,83,100,29,67,86,100,79
3,2026-03-10,66,83,100,32,69,83,100,82
3,2026-03-11,67,86,100,32,75,89,96,88
3,2026-03-12,67,85,100,28,70,79,96,89
3,2026-03-13,72,92,100,51,85,95,97,100
3,2026-03-14,72,92,100,45,84,95,99,82
3,2026-03-15,67,90,100,34,69,92,100,91
3,2026-03-16,64,78,100,32,62,79,100,98
3,2026-03-17,80,99,100,54,81,100,100,91
3,2026-03-18,74,93,100,40,77,95,99,95
3,2026-03-19,79,95,100,58,82,96,100,94
3,2026-03-20,64,86,100,36,67,83,100,89
3,2026-03-21,70,92,100,40,75,86,100,82
3,2026-03-22,63,81,100,29,65,78,96,100
3,2026-03-23,63,89,100,30,68,86,100,99
3,2026-03-24,73,86,100,52,77,79,97,96
3,2026-03-25,71,87,100,42,70,93,100,95
3,2026-03-26,68,88,100,36,69,83,100,96
3,2026-03-27,73,88,100,44,79,90,100,94
3,2026-03-28,78,98,100,51,87,96,98,97
3,2026-03-29,70,86,100,38,69,86,100,88
3,2026-03-30,63,79,100,30,63,80,97,94
3,2026-03-31,71,87,100,41,73,89,100,86
3,2026-04-01,71,91,100,42,78,88,99,98
3,2026-04-02,71,85,100,41,76,79,100,100
3,2026-04-03,70,91,100,41,78,93,100,95
3,2026-04-04,74,91,100,51,78,95,100,99
3,2026-04-05,69,85,100,29,66,84,100,98
3,2026-04-06,67,85,100,34,69,88,96,83
3,2026-04-07,68,84,100,35,67,82,100,97
3,2026-04-08,64,83,100,26,70,91,99,97
3,2026-04-09,68,87,100,37,73,86,100,87
3,2026-04-10,76,87,100,45,75,88,100,82
3,2026-04-11,65,82,100,25,63,87,96,94
3,2026-04-12,63,72,100,23,56,68,99,98
3,2026-04-13,76,89,100,42,76,90,97,99
3,2026-04-14,72,86,100,45,68,90,100,93
3,2026-04-15,80,96,100,58,82,95,100,92
3,2026-04-16,68,80,100,33,63,81,98,99
3,2026-04-17,60,80,100,29,64,78,100,93
3,2026-04-18,70,85,100,38,70,85,100,97
3,2026-04-19,62,82,100,19,62,81,100,89
3,2026-04-20,58,68,100,30,51,67,100,100
3,2026-04-21,58,67,100,23,52,67,100,57
3,2026-04-22,62,75,100,33,66,78,100,95
3,2026-04-23,67,81,100,43,68,85,98,96
3,2026-04-24,77,91,100,48,71,86,100,92
3,2026-04-25,66,82,100,29,67,79,96,89
3,2026-04-26,77,89,100,60,78,87,99,94
3,2026-04-27,67,87,100,39,79,85,91,94
3,2026-04-28,70,88,100,41,74,88,99,95
3,2026-04-29,78,94,100,57,81,94,100,100
3,2026-04-30,63,75,100,29,63,78,96,93
3,2026-05-01,76,92,100,53,82,91,100,96
3,2026-05-02,63,84,95,29,70,83,98,96
3,2026-05-03,74,98,100,40,82,96,100,83
3,2026-05-04,77,93,100,44,73,96,100,77
3,2026-05-05,68,87,100,34,70,87,97,85
3,2026-05-06,70,93,100,41,77,96,100,84
3,2026-05-07,66,87,100,37,73,84,95,86
3,2026-05-08,69,87,100,49,78,88,100,93
3,2026-05-09,68,86,100,36,71,90,98,96
3,2026-05-10,60,88,100,18,66,88,99,88
3,2026-05-11,67,87,100,42,72,89,97,87
3,2026-05-12,59,71,100,29,57,73,100,79
3,2026-05-13,70,81,100,40,70,81,99,95
3,2026-05-14,64,88,100,37,70,88,100,94
3,2026-05-15,76,92,100,52,77,88,95,94
3,2026-05-16,72,90,100,39,74,93,97,95
3,2026-05-17,71,91,100,34,75,94,100,100
3,2026-05-18,67,89,100,41,73,89,99,100
3,2026-05-19,73,87,100,46,74,90,100,94
3,2026-05-20,55,72,100,17,60,67,100,84
3,2026-05-21,75,92,100,47,75,89,100,96
4,2026-02-21,62,84,100,28,70,83,100,93
4,2026-02-22,67,85,100,35,72,87,96,80
4,2026-02-23,61,83,100,31,64,81,92,92
4,2026-02-24,67,82,100,44,67,79,100,87
4,2026-02-25,71,88,100,37,68,85,100,96
4,2026-02-26,70,95,100,41,76,97,100,88
4,2026-02-27,62,79,100,31,61,80,98,90
4,2026-02-28,57,80,100,26,63,80,100,95
4,2026-03-01,64,81,100,29,62,83,100,100
4,2026-03-02,66,82,100,33,60,81,100,81
4,2026-03-03,63,82,100,25,66,84,100,91
4,2026-03-04,62,84,100,17,69,86,96,91
4,2026-03-05,61,79,100,28,60,82,100,91
4,2026-03-06,69,90,100,29,70,94,100,99
4,2026-03-07,60,82,100,27,64,82,100,87
4,2026-03-08,74,88,100,60,77,91,93,92
4,2026-03-09,64,87,100,39,73,84,100,100
4,2026-03-10,63,84,100,32,69,84,100,95
4,2026-03-11,57,82,100,18,62,86,100,89
4,2026-03-12,61,77,100,22,60,76,100,96
4,2026-03-13,61,81,100,26,68,80,100,87
4,2026-03-14,66,88,100,29,75,85,100,95
4,2026-03-15,66,81,98,21,65,78,92,82
4,2026-03-16,64,82,100,37,67,81,99,99
4,2026-03-17,70,98,100,38,77,97,100,99
4,2026-03-18,72,92,100,41,77,91,99,96
4,2026-03-19,63,88,100,24,71,87,100,91
4,2026-03-20,66,84,100,21,63,84,97,98
4,2026-03-21,67,86,100,28,66,84,100,90
4,2026-03-22,80,100,100,53,80,100,99,98
4,2026-03-23,60,73,100,30,54,76,100,95
4,2026-03-24,65,82,100,36,74,83,100,98
4,2026-03-25,67,86,100,37,69,88,96,91
4,2026-03-26,73,88,100,48,80,85,95,86
4,2026-03-27,69,91,100,40,75,93,99,100
4,2026-03-28,69,95,100,31,85,92,100,93
4,2026-03-29,61,79,100,35,63,83,96,98
4,2026-03-30,55,81,100,14,60,85,100,81
4,2026-03-31,74,92,100,43,76,87,100,84
4,2026-04-01,69,87,100,44,73,90,99,91
4,2026-04-02,70,89,100,41,75,87,100,97
4,2026-04-03,68,94,100,21,76,95,100,95
4,2026-04-04,65,79,100,49,62,78,97,91
4,2026-04-05,67,83,100,41,64,79,97,92
4,2026-04-06,72,88,100,54,73,85,99,97
4,2026-04-07,60,74,100,30,63,76,100,95
4,2026-04-08,69,93,100,27,73,88,100,82
4,2026-04-09,62,84,100,39,68,89,100,89
4,2026-04-10,66,81,100,32,67,79,100,100
4,2026-04-11,62,79,100,37,66,83,100,94
4,2026-04-12,64,88,100,31,73,91,98,95
4,2026-04-13,65,84,100,26,68,85,100,97
4,2026-04-14,67,80,100,38,63,78,100,87
4,2026-04-15,69,92,100,42,72,86,100,100
4,2026-04-16,67,94,100,34,74,94,100,99
4,2026-04-17,73,93,100,38,77,89,100,94
4,2026-04-18,65,83,100,29,67,83,100,86
4,2026-04-19,71,85,100,42,71,88,98,95
4,2026-04-20,65,82,100,25,64,83,96,97
4,2026-04-21,67,85,100,30,66,81,99,93
4,2026-04-22,63,93,100,29,74,91,100,94
4,2026-04-23,63,79,100,30,63,80,100,92
4,2026-04-24,57,82,100,11,60,88,100,90
4,2026-04-25,65,82,100,30,68,82,100,96
4,2026-04-26,66,81,100,30,61,82,97,96
4,2026-04-27,70,87,100,35,70,85,98,100
4,2026-04-28,72,92,100,43,78,91,97,100
4,2026-04-29,63,77,100,25,62,82,96,93
4,2026-04-30,65,81,100,22,70,86,100,84
4,2026-05-01,68,91,100,33,69,89,97,90
4,2026-05-02,73,93,100,42,75,94,100,77
4,2026-05-03,64,83,100,35,70,85,95,92
4,2026-05-04,64,80,100,27,62,80,100,94
4,2026-05-05,69,86,100,28,69,86,96,100
4,2026-05-06,68,92,100,33,80,88,100,88
4,2026-05-07,64,81,100,32,63,82,100,89
4,2026-05-08,74,94,100,48,77,94,99,88
4,2026-05-09,67,89,100,30,67,86,100,96
4,2026-05-10,76,91,100,50,77,91,100,100
4,2026-05-11,76,92,100,54,80,95,100,83
4,2026-05-12,70,97,100,43,81,95,97,98
4,2026-05-13,65,85,100,31,70,84,96,88
4,2026-05-14,76,95,100,56,87,96,99,100
4,2026-05-15,68,96,100,35,76,95,98,90
4,2026-05-16,72,90,100,39,76,91,96,97
4,2026-05-17,73,91,100,55,79,83,100,95
4,2026-05-18,69,84,100,29,65,85,100,99
4,2026-05-19,63,85,100,31,70,79,100,85
4,2026-05-20,69,85,100,36,72,87,100,95
4,2026-05-21,78,92,100,58,91,93,100,93
5,2026-02-21,73,94,100,40,78,94,100,95
5,2026-02-22,66,89,100,34,76,94,95,86
5,2026-02-23,63,91,100,29,72,92,97,89
5,2026-02-24,68,86,100,34,70,87,100,91
5,2026-02-25,73,97,100,49,81,99,100,84
5,2026-02-26,68,84,100,36,67,81,98,88
5,2026-02-27,61,83,100,28,67,82,100,96
5,2026-02-28,84,100,100,60,98,100,100,91
5,2026-03-01,80,100,100,59,83,96,100,92
5,2026-03-02,70,80,100,44,68,81,100,87
5,2026-03-03,70,90,100,37,75,90,100,96
5,2026-03-04,74,98,100,55,75,100,99,92
5,2026-03-05,69,89,100,35,72,93,100,97
5,2026-03-06,70,84,100,39,73,84,99,94
5,2026-03-07,77,100,100,55,86,96,100,97
5,2026-03-08,74,94,100,30,78,92,100,79
5,2026-03-09,67,83,100,35,72,83,100,99
5,2026-03-10,60,82,100,24,67,82,100,96
5,2026-03-11,76,97,100,43,84,92,100,92
5,2026-03-12,60,79,100,13,65,83,97,95
5,2026-03-13,81,93,100,53,79,93,93,94
5,2026-03-14,70,90,100,46,75,95,98,97
5,2026-03-15,74,95,100,42,78,93,100,90
5,2026-03-16,68,84,100,33,70,83,99,90
5,2026-03-17,81,100,100,55,84,100,100,97
5,2026-03-18,72,96,100,34,79,94,100,88
5,2026-03-19,77,93,100,53,80,95,100,100
5,2026-03-20,73,97,100,41,87,98,100,97
5,2026-03-21,76,98,100,48,86,96,96,95
5,2026-03-22,65,89,100,28,73,87,95,93
5,2026-03-23,68,88,100,32,73,83,95,100
5,2026-03-24,80,99,100,51,84,99,100,99
5,2026-03-25,70,94,100,37,77,94,98,89
5,2026-03-26,60,84,100,17,57,83,96,81
5,2026-03-27,75,96,100,50,83,95,100,98
5,2026-03-28,70,95,100,33,76,92,100,96
5,2026-03-29,66,86,100,40,71,87,98,96
5,2026-03-30,62,84,100,28,66,82,100,99
5,2026-03-31,71,94,100,38,77,91,98,93
5,2026-04-01,73,96,100,42,80,95,100,100
5,2026-04-02,70,89,100,34,76,91,98,99
5,2026-04-03,66,83,100,32,71,87,96,88
5,2026-04-04,68,93,100,38,76,96,93,100
5,2026-04-05,79,100,100,50,86,93,99,95
5,2026-04-06,69,98,100,37,77,95,95,92
5,2026-04-07,79,96,100,43,84,98,98,96
5,2026-04-08,71,92,100,44,81,95,95,98
5,2026-04-09,71,88,100,47,71,91,94,82
5,2026-04-10,78,99,100,40,81,100,100,87
5,2026-04-11,80,100,100,67,90,99,97,92
5,2026-04-12,72,83,100,44,70,80,100,90
5,2026-04-13,74,88,100,49,73,85,100,85
5,2026-04-14,75,95,100,51,81,100,100,89
5,2026-04-15,70,91,100,43,82,94,100,97
5,2026-04-16,75,96,100,56,82,94,100,90
5,2026-04-17,82,100,100,51,89,100,93,89
5,2026-04-18,65,91,100,39,71,89,100,88
5,2026-04-19,78,100,100,55,86,100,98,96
5,2026-04-20,81,100,100,47,84,100,100,97
5,2026-04-21,76,98,100,60,90,96,100,86
5,2026-04-22,77,96,100,44,82,97,97,94
5,2026-04-23,75,88,100,49,76,87,100,94
5,2026-04-24,72,88,100,44,73,91,99,85
5,2026-04-25,74,95,100,38,77,91,100,100
5,2026-04-26,73,94,100,41,82,92,99,96
5,2026-04-27,79,97,100,42,78,94,100,91
5,2026-04-28,75,97,100,46,85,95,100,92
5,2026-04-29,78,100,100,55,83,93,100,96
5,2026-04-30,65,88,100,29,72,93,100,70
5,2026-05-01,77,95,100,43,76,95,100,82
5,2026-05-02,76,97,100,48,84,97,100,94
5,2026-05-03,79,97,100,53,81,91,97,99
5,2026-05-04,70,93,100,39,77,95,100,93
5,2026-05-05,74,99,100,47,85,100,100,97
5,2026-05-06,76,96,96,44,83,94,97,91
5,2026-05-07,81,100,100,69,90,100,99,81
5,2026-05-08,73,90,100,49,78,89,97,81
5,2026-05-09,66,85,100,30,76,92,98,95
5,2026-05-10,71,87,100,37,72,80,97,98
5,2026-05-11,58,80,100,18,64,76,100,97
5,2026-05-12,83,100,100,59,87,100,98,100
5,2026-05-13,74,98,100,45,82,99,98,97
5,2026-05-14,70,89,100,41,78,89,100,96
5,2026-05-15,61,80,100,23,65,77,94,98
5,2026-05-16,69,86,100,42,75,85,99,97
5,2026-05-17,78,95,100,56,88,94,100,100
5,2026-05-18,75,91,100,48,77,89,100,98
5,2026-05-19,72,88,100,41,72,89,100,89
5,2026-05-20,69,92,100,34,77,88,100,86
5,2026-05-21,63,89,100,27,69,85,95,85
6,2026-02-21,74,87,100,47,74,88,100,99
6,2026-02-22,63,86,100,20,72,84,100,93
6,2026-02-23,67,90,100,29,81,88,100,99
6,2026-02-24,62,73,100,28,62,79,100,88
6,2026-02-25,73,96,100,30,76,98,100,91
6,2026-02-26,71,91,100,35,75,89,97,93
6,2026-02-27,58,79,100,22,62,83,99,97
6,2026-02-28,64,84,100,34,67,76,100,95
6,2026-03-01,65,89,100,31,73,90,100,88
6,2026-03-02,52,68,100,23,53,64,100,88
6,2026-03-03,59,83,100,23,68,82,100,94
6,2026-03-04,64,80,100,31,66,81,98,92
6,2026-03-05,71,85,100,34,69,89,98,93
6,2026-03-06,61,82,100,17,60,80,98,92
6,2026-03-07,58,78,100,24,61,79,100,94
6,2026-03-08,55,66,100,22,56,66,100,68
6,2026-03-09,57,73,100,23,57,70,99,94
6,2026-03-10,62,70,100,24,58,73,100,87
6,2026-03-11,70,88,100,33,70,90,100,70
6,2026-03-12,63,77,100,26,64,74,100,95
6,2026-03-13,67,82,100,35,65,88,100,99
6,2026-03-14,71,82,100,43,72,82,98,97
6,2026-03-15,70,90,100,48,82,87,100,100
6,2026-03-16,67,81,100,35,71,77,97,80
6,2026-03-17,70,78,100,52,67,74,98,93
6,2026-03-18,72,91,97,41,77,92,96,89
6,2026-03-19,64,81,100,33,63,82,99,80
6,2026-03-20,68,97,100,40,73,98,100,86
6,2026-03-21,53,77,100,12,56,76,99,87
6,2026-03-22,75,89,100,48,76,86,100,89
6,2026-03-23,78,88,100,59,77,87,99,96
6,2026-03-24,67,86,100,42,74,85,100,94
6,2026-03-25,69,89,100,43,75,84,100,97
6,2026-03-26,65,81,100,30,66,81,99,89
6,2026-03-27,65,84,100,21,67,79,100,94
6,2026-03-28,74,88,100,50,71,88,100,97
6,2026-03-29,65,81,100,33,63,84,100,92
6,2026-03-30,63,75,100,32,59,71,100,97
6,2026-03-31,61,76,100,31,63,79,99,66
6,2026-04-01,68,88,100,37,69,87,100,92
6,2026-04-02,71,86,100,30,64,90,100,89
6,2026-04-03,66,85,100,35,69,81,90,96
6,2026-04-04,68,84,100,38,68,82,98,97
6,2026-04-05,63,86,100,27,70,89,100,91
6,2026-04-06,57,78,100,24,64,72,100,94
6,2026-04-07,66,89,100,35,75,86,99,100
6,2026-04-08,70,90,100,31,71,88,100,98
6,2026-04-09,65,76,100,39,69,73,100,92
6,2026-04-10,65,88,100,31,70,88,100,98
6,2026-04-11,66,90,100,30,74,86,99,93
6,2026-04-12,67,85,100,33,68,90,100,100
6,2026-04-13,71,91,100,36,73,92,100,89
6,2026-04-14,59,84,100,19,68,78,100,91
6,2026-04-15,71,91,100,36,73,89,100,93
6,2026-04-16,64,87,100,31,71,82,99,89
6,2026-04-17,71,90,100,38,72,86,100,95
6,2026-04-18,59,83,100,25,68,77,98,90
6,2026-04-19,70,91,100,44,77,95,100,97
6,2026-04-20,61,83,100,30,70,85,100,88
6,2026-04-21,64,81,100,32,61,84,100,91
6,2026-04-22,65,79,100,30,65,76,99,94
6,2026-04-23,65,82,100,29,68,84,94,98
6,2026-04-24,66,78,100,35,66,77,100,100
6,2026-04-25,71,90,100,35,75,84,98,70
6,2026-04-26,70,91,100,45,81,89,95,100
6,2026-04-27,64,81,100,37,73,78,98,96
6,2026-04-28,72,88,100,33,71,93,100,100
6,2026-04-29,70,91,100,38,78,95,98,97
6,2026-04-30,64,88,100,29,73,85,100,93
6,2026-05-01,73,91,100,45,81,94,97,95
6,2026-05-02,69,90,100,41,80,87,100,91
6,2026-05-03,63,83,100,26,72,79,100,97
6,2026-05-04,62,88,100,23,72,87,99,90
6,2026-05-05,70,84,100,53,75,83,99,97
6,2026-05-06,65,85,100,29,65,86,98,96
6,2026-05-07,58,79,100,17,60,78,96,89
6,2026-05-08,74,100,100,36,82,100,97,92
6,2026-05-09,54,75,100,16,60,74,100,98
6,2026-05-10,74,93,100,57,82,95,92,90
6,2026-05-11,60,81,100,27,68,88,100,99
6,2026-05-12,68,84,100,31,71,85,100,87
6,2026-05-13,57,80,100,18,65,84,100,88
6,2026-05-14,65,81,100,35,70,82,98,99
6,2026-05-15,70,88,100,40,72,90,100,90
6,2026-05-16,68,88,100,32,70,88,96,97
6,2026-05-17,72,91,100,50,76,91,98,99
6,2026-05-18,64,83,100,22,62,86,97,93
6,2026-05-19,69,82,100,29,64,84,98,87
6,2026-05-20,71,91,100,46,72,94,100,81
6,2026-05-21,65,86,100,28,70,85,100,98
7,2026-02-21,52,71,100,34,55,73,100,89
7,2026-02-22,66,90,100,51,75,86,100,94
7,2026-02-23,63,84,100,39,77,84,100,99
7,2026-02-24,59,94,79,34,74,97,73,83
7,2026-02-25,56,77,100,22,60,77,99,94
7,2026-02-26,63,83,85,41,67,84,85,97
7,2026-02-27,67,92,86,51,76,98,91,99
7,2026-02-28,55,79,87,28,65,84,86,98
7,2026-03-01,59,78,96,43,68,77,96,95
7,2026-03-02,59,77,100,31,59,77,100,93
7,2026-03-03,55,84,98,22,69,82,97,85
7,2026-03-04,61,87,100,32,76,89,100,100
7,2026-03-05,46,73,58,21,61,71,55,88
7,2026-03-06,52,79,76,21,58,85,78,79
7,2026-03-07,52,79,95,23,66,77,94,92
7,2026-03-08,44,73,57,24,60,76,60,88
7,2026-03-09,54,65,100,29,52,63,99,97
7,2026-03-10,59,78,91,38,67,82,91,94
7,2026-03-11,67,94,81,49,81,94,81,92
7,2026-03-12,58,76,100,25,66,76,100,89
7,2026-03-13,55,78,81,33,68,75,79,86
7,2026-03-14,62,86,90,50,75,83,88,95
7,2026-03-15,62,74,100,35,66,72,100,85
7,2026-03-16,56,79,95,25,68,82,95,100
7,2026-03-17,46,75,60,30,63,76,54,94
7,2026-03-18,67,89,91,41,78,90,92,96
7,2026-03-19,51,81,64,31,65,82,64,90
7,2026-03-20,54,87,63,35,74,91,68,94
7,2026-03-21,57,84,85,37,74,84,84,94
7,2026-03-22,49,73,60,25,57,75,63,92
7,2026-03-23,56,79,81,28,62,77,78,88
7,2026-03-24,58,91,82,20,66,88,80,95
7,2026-03-25,61,76,100,50,62,75,100,96
7,2026-03-26,59,78,86,37,63,79,88,94
7,2026-03-27,56,71,99,38,57,71,96,83
7,2026-03-28,59,81,76,41,72,80,79,98
7,2026-03-29,50,73,71,15,60,74,69,87
7,2026-03-30,63,85,89,43,71,85,91,95
7,2026-03-31,53,82,68,30,64,79,59,97
7,2026-04-01,61,81,100,32,66,79,98,93
7,2026-04-02,58,78,100,35,62,83,100,74
7,2026-04-03,54,87,61,33,72,89,62,89
7,2026-04-04,61,78,100,31,65,76,100,90
7,2026-04-05,52,74,100,31,56,75,95,97
7,2026-04-06,70,91,100,46,79,94,98,95
7,2026-04-07,63,97,89,37,80,95,91,91
7,2026-04-08,54,80,91,27,65,82,96,97
7,2026-04-09,64,99,86,43,82,100,80,88
7,2026-04-10,57,74,100,33,65,76,97,90
7,2026-04-11,49,76,67,28,60,69,68,89
7,2026-04-12,60,80,100,23,64,77,96,93
7,2026-04-13,63,93,82,36,76,96,84,86
7,2026-04-14,47,72,59,37,57,78,56,88
7,2026-04-15,65,83,100,43,67,81,100,88
7,2026-04-16,62,82,95,34,67,83,93,94
7,2026-04-17,47,75,61,17,59,74,58,92
7,2026-04-18,56,87,55,43,74,80,56,95
7,2026-04-19,70,92,100,46,74,92,100,91
7,2026-04-20,45,60,92,26,48,54,86,92
7,2026-04-21,55,78,97,23,63,76,89,100
7,2026-04-22,61,81,94,32,67,84,97,98
7,2026-04-23,50,62,100,20,45,58,94,46
7,2026-04-24,61,73,95,42,60,73,94,91
7,2026-04-25,66,97,57,49,82,100,62,82
7,2026-04-26,64,86,96,43,74,85,100,97
7,2026-04-27,47,64,97,16,49,65,97,47
7,2026-04-28,54,78,91,37,64,68,92,100
7,2026-04-29,66,96,100,36,77,100,100,89
7,2026-04-30,60,84,97,23,65,85,94,100
7,2026-05-01,55,84,75,33,72,82,76,82
7,2026-05-02,61,89,95,34,70,92,94,84
7,2026-05-03,66,96,65,48,83,91,63,100
7,2026-05-04,61,83,100,31,65,88,100,95
7,2026-05-05,58,84,96,26,66,83,100,90
7,2026-05-06,67,93,100,50,85,94,100,96
7,2026-05-07,63,87,91,39,74,89,86,92
7,2026-05-08,61,82,76,45,72,80,71,100
7,2026-05-09,69,92,100,46,84,92,99,99
7,2026-05-10,49,78,68,21,63,73,68,96
7,2026-05-11,51,71,76,30,58,72,78,85
7,2026-05-12,63,94,70,48,77,90,72,87
7,2026-05-13,55,74,94,21,60,72,95,92
7,2026-05-14,54,74,90,31,57,76,87,91
7,2026-05-15,58,80,100,29,65,76,100,83
7,2026-05-16,56,77,91,30,57,77,91,92
7,2026-05-17,56,81,97,26,65,80,98,90
7,2026-05-18,52,74,93,21,57,78,96,100
7,2026-05-19,46,70,74,24,56,72,73,87
7,2026-05-20,60,82,100,32,67,82,100,92
7,2026-05-21,51,80,80,27,64,81,82,92
8,2026-02-21,59,84,98,25,65,86,100,99
8,2026-02-22,54,85,67,26,74,85,66,91
8,2026-02-23,52,79,100,8,60,75,100,90
8,2026-02-24,49,72,90,22,56,74,91,91
8,2026-02-25,54,76,100,15,52,75,98,94
8,2026-02-26,51,76,68,18,61,75,72,95
8,2026-02-27,53,79,99,20,61,83,92,92
8,2026-02-28,42,71,81,15,50,64,80,79
8,2026-03-01,56,76,90,29,68,76,94,86
8,2026-03-02,59,81,100,26,62,75,100,100
8,2026-03-03,53,80,82,23,64,76,80,100
8,2026-03-04,51,81,78,19,64,82,77,95
8,2026-03-05,51,69,100,17,52,69,100,98
8,2026-03-06,58,83,98,26,65,85,95,100
8,2026-03-07,48,67,96,22,53,74,97,83
8,2026-03-08,57,83,89,29,62,80,91,82
8,2026-03-09,45,82,65,23,67,77,66,82
8,2026-03-10,45,71,67,23,60,72,71,98
8,2026-03-11,55,82,100,22,65,80,99,100
8,2026-03-12,48,75,100,23,57,78,100,100
8,2026-03-13,50,76,85,20,58,80,85,92
8,2026-03-14,47,85,63,22,68,83,62,97
8,2026-03-15,57,90,85,22,76,90,87,86
8,2026-03-16,48,73,89,11,54,73,87,100
8,2026-03-17,59,77,97,30,60,77,96,64
8,2026-03-18,47,71,76,22,57,72,76,39
8,2026-03-19,54,75,79,19,62,76,77,85
8,2026-03-20,54,74,85,21,61,73,88,82
8,2026-03-21,56,77,98,35,63,75,99,95
8,2026-03-22,59,88,89,27,71,88,87,93
8,2026-03-23,47,70,63,26,57,73,67,88
8,2026-03-24,61,88,88,21,66,87,83,95
8,2026-03-25,42,70,65,16,52,69,66,96
8,2026-03-26,52,82,94,20,65,78,90,85
8,2026-03-27,48,76,93,6,56,70,90,96
8,2026-03-28,49,80,62,21,58,79,62,89
8,2026-03-29,54,81,91,27,64,72,93,96
8,2026-03-30,51,75,86,17,61,77,85,90
8,2026-03-31,50,69,100,18,46,69,95,85
8,2026-04-01,61,79,100,25,62,79,97,96
8,2026-04-02,52,80,93,18,61,78,93,93
8,2026-04-03,54,81,76,19,59,81,74,84
8,2026-04-04,48,77,100,16,55,77,98,92
8,2026-04-05,56,81,98,24,63,83,99,97
8,2026-04-06,51,73,100,21,58,70,99,89
8,2026-04-07,46,63,98,11,43,67,97,74
8,2026-04-08,54,76,82,25,59,75,77,88
8,2026-04-09,48,75,90,15,58,79,93,93
8,2026-04-10,54,77,92,20,58,76,91,81
8,2026-04-11,54,76,99,33,63,78,100,82
8,2026-04-12,47,84,62,18,66,83,63,96
8,2026-04-13,49,68,69,29,52,68,72,98
8,2026-04-14,50,78,55,30,64,79,50,92
8,2026-04-15,51,82,69,31,72,87,70,95
8,2026-04-16,50,77,76,10,61,78,74,80
8,2026-04-17,44,74,58,19,61,78,52,95
8,2026-04-18,60,89,82,29,76,90,85,97
8,2026-04-19,52,79,99,16,59,82,100,97
8,2026-04-20,50,73,85,36,64,72,86,96
8,2026-04-21,54,78,90,28,63,77,91,75
8,2026-04-22,57,82,100,24,64,84,100,96
8,2026-04-23,54,81,84,22,59,83,85,89
8,2026-04-24,56,76,100,24,59,72,100,99
8,2026-04-25,47,78,96,18,59,76,98,93
8,2026-04-26,58,74,100,26,59,74,98,93
8,2026-04-27,52,78,83,13,66,84,83,100
8,2026-04-28,48,77,58,19,56,66,57,99
8,2026-04-29,56,87,98,21,65,86,100,88
8,2026-04-30,47,76,71,24,58,78,74,95
8,2026-05-01,50,76,85,25,62,75,82,97
8,2026-05-02,46,77,86,10,60,73,92,93
8,2026-05-03,47,75,67,19,52,76,65,89
8,2026-05-04,58,85,92,31,66,84,87,96
8,2026-05-05,51,78,96,18,59,74,97,98
8,2026-05-06,44,72,63,20,57,71,68,100
8,2026-05-07,59,89,64,39,73,87,63,92
8,2026-05-08,53,78,86,27,61,79,87,91
8,2026-05-09,56,78,100,16,60,78,100,76
8,2026-05-10,64,89,92,40,74,88,95,93
8,2026-05-11,52,79,83,27,63,76,80,100
8,2026-05-12,54,70,100,22,60,67,100,99
8,2026-05-13,50,71,96,14,53,70,90,87
8,2026-05-14,59,79,84,31,69,74,86,85
8,2026-05-15,39,66,65,15,53,66,66,96
8,2026-05-16,61,84,61,40,72,84,65,80
8,2026-05-17,53,76,100,20,68,78,98,90
8,2026-05-18,57,84,88,25,64,85,88,92
8,2026-05-19,48,70,84,19,56,72,88,94
8,2026-05-20,51,68,100,15,53,67,100,88
8,2026-05-21,44,72,61,20,53,75,63,91
9,2026-02-21,50,74,88,16,56,70,89,96
9,2026-02-22,54,75,100,22,55,78,100,96
9,2026-02-23,42,76,59,15,61,77,55,80
9,2026-02-24,51,76,88,24,62,79,88,100
9,2026-02-25,48,75,82,17,58,71,81,100
9,2026-02-26,54,81,100,20,72,82,99,98
9,2026-02-27,44,68,100,2,48,66,99,96
9,2026-02-28,60,80,73,38,63,73,71,90
9,2026-03-01,56,77,91,30,61,76,88,94
9,2026-03-02,64,94,72,55,84,91,69,97
9,2026-03-03,47,76,61,30,63,76,64,99
9,2026-03-04,55,88,100,23,62,88,99,94
9,2026-03-05,46,76,63,22,61,74,63,98
9,2026-03-06,56,79,85,35,76,81,88,97
9,2026-03-07,51,76,64,32,58,77,64,99
9,2026-03-08,60,87,88,34,61,86,82,99
9,2026-03-09,54,80,78,22,61,83,77,98
9,2026-03-10,58,79,88,31,65,87,86,84
9,2026-03-11,62,83,93,30,73,79,93,92
9,2026-03-12,61,86,100,36,75,80,100,89
9,2026-03-13,58,89,100,17,73,92,100,83
9,2026-03-14,49,79,90,24,65,79,90,89
9,2026-03-15,52,75,85,29,63,79,84,97
9,2026-03-16,44,66,83,0,49,70,82,95
9,2026-03-17,61,84,100,32,74,85,96,91
9,2026-03-18,65,80,100,39,67,76,100,100
9,2026-03-19,51,78,79,18,57,79,79,90
9,2026-03-20,52,72,100,18,55,73,100,84
9,2026-03-21,53,77,98,18,55,75,99,85
9,2026-03-22,59,89,60,45,79,88,61,90
9,2026-03-23,53,89,58,30,74,87,53,94
9,2026-03-24,49,88,69,27,72,83,68,90
9,2026-03-25,45,81,65,11,57,81,72,100
9,2026-03-26,59,79,100,25,64,82,100,100
9,2026-03-27,64,74,100,41,62,74,97,100
9,2026-03-28,53,68,100,32,57,67,100,95
9,2026-03-29,39,75,57,10,61,80,61,100
9,2026-03-30,62,88,83,35,71,82,82,89
9,2026-03-31,63,85,100,29,69,91,100,97
9,2026-04-01,58,91,83,39,73,90,82,95
9,2026-04-02,49,78,80,11,57,81,81,97
9,2026-04-03,59,80,100,31,65,79,97,95
9,2026-04-04,47,71,88,12,56,71,87,96
9,2026-04-05,60,79,92,29,62,78,91,98
9,2026-04-06,60,81,87,27,71,84,88,100
9,2026-04-07,60,80,100,38,64,77,98,96
9,2026-04-08,58,79,100,25,64,76,99,92
9,2026-04-09,53,79,56,27,68,78,53,89
9,2026-04-10,54,87,65,31,68,82,65,88
9,2026-04-11,57,91,84,27,70,91,84,81
9,2026-04-12,53,77,100,24,63,79,99,90
9,2026-04-13,52,70,100,11,53,65,100,97
9,2026-04-14,52,77,94,12,56,75,96,85
9,2026-04-15,61,83,100,28,67,83,99,98
9,2026-04-16,59,93,92,28,79,94,93,90
9,2026-04-17,68,96,100,43,83,89,98,94
9,2026-04-18,53,74,84,36,63,77,87,99
9,2026-04-19,56,77,97,25,58,80,97,85
9,2026-04-20,51,88,63,17,64,86,64,100
9,2026-04-21,59,88,68,37,78,90,69,84
9,2026-04-22,51,81,65,21,64,86,65,91
9,2026-04-23,56,78,72,36,66,75,73,94
9,2026-04-24,61,93,77,39,77,94,73,92
9,2026-04-25,58,84,77,23,70,83,76,87
9,2026-04-26,53,83,60,29,72,85,61,88
9,2026-04-27,55,71,100,19,54,73,100,95
9,2026-04-28,54,77,89,30,62,73,89,91
9,2026-04-29,64,88,82,44,74,88,76,97
9,2026-04-30,47,72,80,16,57,69,77,84
9,2026-05-01,62,81,100,36,73,83,100,98
9,2026-05-02,56,77,97,29,65,78,95,87
9,2026-05-03,61,86,100,38,72,86,100,99
9,2026-05-04,47,77,67,20,59,81,62,91
9,2026-05-05,54,72,100,25,57,74,100,91
9,2026-05-06,44,69,81,11,48,68,82,93
9,2026-05-07,63,86,100,21,64,89,100,99
9,2026-05-08,61,86,98,32,71,85,100,95
9,2026-05-09,46,73,88,19,56,68,82,93
9,2026-05-10,51,77,88,19,65,73,90,81
9,2026-05-11,44,69,75,20,50,70,72,94
9,2026-05-12,57,84,59,29,71,83,58,97
9,2026-05-13,50,76,84,27,66,78,80,91
9,2026-05-14,62,84,89,35,67,89,89,94
9,2026-05-15,52,77,73,45,69,75,78,98
9,2026-05-16,63,87,100,37,72,81,99,96
9,2026-05-17,54,73,100,29,53,77,97,82
9,2026-05-18,58,85,100,23,63,82,100,86
9,2026-05-19,61,84,100,45,67,87,97,83
9,2026-05-20,54,73,100,31,59,72,100,40
9,2026-05-21,58,77,88,28,66,77,85,94
10,2026-02-21,58,77,92,38,61,78,89,83
10,2026-02-22,58,77,90,39,75,77,95,84
10,2026-02-23,56,84,89,23,71,86,87,90
10,2026-02-24,54,89,59,39,78,86,57,95
10,2026-02-25,61,89,100,37,74,89,100,94
10,2026-02-26,64,76,93,47,60,73,86,94
10,2026-02-27,54,77,100,27,56,77,100,87
10,2026-02-28,54,84,86,32,74,80,91,96
10,2026-03-01,52,83,64,37,67,84,64,100
10,2026-03-02,72,94,100,48,80,99,100,89
10,2026-03-03,60,82,94,33,64,84,99,99
10,2026-03-04,58,81,99,25,63,81,96,97
10,2026-03-05,58,82,96,32,71,81,90,96
10,2026-03-06,62,89,100,35,68,89,99,89
10,2026-03-07,61,90,100,30,74,96,100,92
10,2026-03-08,57,83,69,46,74,82,75,94
10,2026-03-09,56,74,95,29,59,73,93,100
10,2026-03-10,42,64,85,18,50,63,86,58
10,2026-03-11,53,69,100,23,51,75,95,99
10,2026-03-12,53,84,61,30,67,89,64,94
10,2026-03-13,63,84,94,36,68,79,95,87
10,2026-03-14,48,79,65,20,65,85,69,98
10,2026-03-15,59,76,100,32,69,74,100,91
10,2026-03-16,52,80,64,33,66,81,64,98
10,2026-03-17,47,76,62,26,65,71,59,93
10,2026-03-18,58,90,62,44,73,84,63,89
10,2026-03-19,68,89,100,46,71,89,100,87
10,2026-03-20,58,80,93,41,62,82,94,99
10,2026-03-21,52,78,80,31,67,75,83,91
10,2026-03-22,51,80,59,34,72,81,63,90
10,2026-03-23,52,66,100,29,51,69,100,85
10,2026-03-24,64,80,93,52,74,75,95,95
10,2026-03-25,69,88,100,53,77,84,99,93
10,2026-03-26,57,77,100,23,57,79,96,96
10,2026-03-27,55,80,87,29,65,78,83,94
10,2026-03-28,49,66,85,15,55,63,81,76
10,2026-03-29,52,79,91,31,61,86,88,87
10,2026-03-30,66,93,100,42,74,93,96,88
10,2026-03-31,57,75,100,31,62,76,100,95
10,2026-04-01,56,90,65,34,74,87,69,95
10,2026-04-02,58,84,79,39,71,84,83,82
10,2026-04-03,51,77,77,14,63,80,79,87
10,2026-04-04,61,84,100,26,69,83,100,94
10,2026-04-05,63,87,100,31,71,88,100,95
10,2026-04-06,50,71,61,33,59,69,59,85
10,2026-04-07,67,94,88,45,83,95,85,97
10,2026-04-08,64,93,100,41,77,92,100,79
10,2026-04-09,63,80,100,46,65,76,100,96
10,2026-04-10,57,79,82,26,61,80,85,89
10,2026-04-11,53,82,62,33,66,85,63,97
10,2026-04-12,65,90,92,50,75,89,89,94
10,2026-04-13,64,91,94,39,80,91,92,89
10,2026-04-14,59,87,76,34,74,87,81,98
10,2026-04-15,56,87,91,35,67,86,96,93
10,2026-04-16,61,81,87,40,73,79,86,91
10,2026-04-17,61,82,100,30,66,86,100,100
10,2026-04-18,45,73,63,29,63,69,65,77
10,2026-04-19,57,75,100,26,68,74,98,94
10,2026-04-20,48,72,91,18,59,71,96,93
10,2026-04-21,53,79,65,32,63,74,67,90
10,2026-04-22,63,88,100,34,74,87,100,95
10,2026-04-23,53,79,57,42,70,78,58,81
10,2026-04-24,67,87,100,49,80,85,99,96
10,2026-04-25,54,74,82,25,57,80,84,94
10,2026-04-26,64,85,100,39,67,90,100,99
10,2026-04-27,51,79,79,27,60,80,80,96
10,2026-04-28,60,86,98,37,75,85,98,70
10,2026-04-29,67,94,94,52,75,92,94,100
10,2026-04-30,70,93,100,48,82,94,100,97
10,2026-05-01,66,86,100,41,73,87,100,96
10,2026-05-02,54,78,92,36,59,77,94,100
10,2026-05-03,56,82,79,31,68,79,77,100
10,2026-05-04,64,89,88,39,70,93,84,87
10,2026-05-05,62,79,100,32,63,79,99,75
10,2026-05-06,57,84,91,30,76,84,92,89
10,2026-05-07,62,89,86,35,73,88,85,98
10,2026-05-08,62,85,100,38,66,79,100,86
10,2026-05-09,71,99,86,51,80,96,87,99
10,2026-05-10,58,83,88,36,67,82,91,98
10,2026-05-11,52,76,61,34,59,81,54,96
10,2026-05-12,61,89,97,27,73,91,93,93
10,2026-05-13,62,88,84,48,80,81,83,96
10,2026-05-14,62,86,100,39,69,82,100,98
10,2026-05-15,56,87,82,30,70,89,80,71
10,2026-05-16,57,80,66,37,70,79,66,94
10,2026-05-17,59,80,100,27,68,78,100,88
10,2026-05-18,48,70,100,11,56,75,100,91
10,2026-05-19,54,73,97,26,54,71,95,87
10,2026-05-20,52,80,87,26,61,79,88,91
10,2026-05-21,59,81,100,27,64,78,100,90
11,2026-02-21,30,62,46,19,49,62,42,96
11,2026-02-22,38,67,72,14,53,64,71,76
11,2026-02-23,27,59,32,9,38,62,32,52
11,2026-02-24,40,75,87,12,55,72,89,100
11,2026-02-25,24,56,60,0,37,58,55,90
11,2026-02-26,42,76,57,21,61,74,53,97
11,2026-02-27,34,55,62,16,41,52,62,97
11,2026-02-28,41,85,41,24,64,85,41,92
11,2026-03-01,34,66,59,12,53,59,62,75
11,2026-03-02,50,86,48,31,70,85,50,99
11,2026-03-03,43,81,61,18,63,80,61,92
11,2026-03-04,43,74,91,10,56,73,89,88
11,2026-03-05,54,96,36,49,77,98,38,85
11,2026-03-06,49,79,63,30,64,80,65,94
11,2026-03-07,39,74,70,28,61,72,73,90
11,2026-03-08,45,71,100,13,51,70,100,87
11,2026-03-09,38,78,40,29,67,77,43,92
11,2026-03-10,44,67,74,32,51,69,74,100
11,2026-03-11,42,71,59,27,63,78,58,92
11,2026-03-12,41,82,61,16,65,79,66,85
11,2026-03-13,28,61,59,2,34,62,59,77
11,2026-03-14,37,72,62,4,50,78,61,88
11,2026-03-15,41,77,44,30,56,76,35,94
11,2026-03-16,42,77,61,25,61,77,62,89
11,2026-03-17,33,76,47,9,56,73,50,93
11,2026-03-18,34,69,62,14,51,70,60,92
11,2026-03-19,44,72,72,25,58,80,72,94
11,2026-03-20,33,70,42,7,54,68,36,86
11,2026-03-21,42,72,56,25,56,75,55,93
11,2026-03-22,35,65,77,15,52,62,77,97
11,2026-03-23,49,84,92,28,63,86,95,97
11,2026-03-24,39,72,68,28,62,73,67,93
11,2026-03-25,45,71,84,6,56,69,89,100
11,2026-03-26,44,77,71,19,57,78,75,81
11,2026-03-27,33,71,57,9,53,71,51,97
11,2026-03-28,49,82,66,37,70,81,63,85
11,2026-03-29,43,72,58,32,63,76,57,95
11,2026-03-30,42,71,47,22,60,72,46,91
11,2026-03-31,47,77,64,37,64,77,63,96
11,2026-04-01,42,81,50,25,64,79,51,97
11,2026-04-02,36,80,43,10,64,80,45,97
11,2026-04-03,26,53,40,10,41,57,37,65
11,2026-04-04,37,78,42,20,63,80,44,88
11,2026-04-05,27,70,40,11,49,68,36,98
11,2026-04-06,24,63,36,2,47,61,34,94
11,2026-04-07,43,75,72,14,54,75,72,79
11,2026-04-08,40,80,45,22,65,81,42,89
11,2026-04-09,51,86,50,41,80,82,48,91
11,2026-04-10,43,78,32,32,62,79,32,99
11,2026-04-11,30,67,36,29,49,72,33,100
11,2026-04-12,43,76,90,8,50,74,86,96
11,2026-04-13,37,74,54,25,53,75,50,97
11,2026-04-14,43,71,59,18,55,66,56,91
11,2026-04-15,30,65,60,5,45,65,62,96
11,2026-04-16,40,78,52,19,58,76,54,96
11,2026-04-17,42,77,41,32,66,76,48,80
11,2026-04-18,41,87,53,19,68,84,53,100
11,2026-04-19,43,82,60,30,61,82,58,90
11,2026-04-20,46,85,70,23,59,87,68,82
11,2026-04-21,34,63,62,10,51,64,60,78
11,2026-04-22,31,73,35,9,52,76,36,81
11,2026-04-23,42,81,48,22,65,84,55,95
11,2026-04-24,22,58,43,0,37,58,40,97
11,2026-04-25,39,70,73,16,47,70,73,94
11,2026-04-26,49,81,70,25,68,88,78,96
11,2026-04-27,44,81,50,33,71,83,46,96
11,2026-04-28,37,74,59,22,55,69,56,99
11,2026-04-29,43,72,70,27,60,73,70,85
11,2026-04-30,28,75,38,12,56,71,42,90
11,2026-05-01,43,72,57,29,63,71,62,98
11,2026-05-02,26,59,57,8,45,58,57,92
11,2026-05-03,44,86,67,24,65,90,66,100
11,2026-05-04,33,72,46,9,58,69,45,96
11,2026-05-05,37,69,63,9,51,72,65,93
11,2026-05-06,39,77,55,22,57,77,55,88
11,2026-05-07,42,85,56,34,73,79,52,96
11,2026-05-08,51,93,66,38,74,89,60,100
11,2026-05-09,33,65,52,17,49,67,49,86
11,2026-05-10,52,79,70,38,70,78,68,87
11,2026-05-11,31,63,40,15,47,67,42,92
11,2026-05-12,45,82,45,44,69,80,44,89
11,2026-05-13,39,74,61,19,58,71,58,97
11,2026-05-14,46,79,55,42,66,77,61,95
11,2026-05-15,43,76,57,23,59,78,58,84
11,2026-05-16,38,68,68,21,52,69,69,97
11,2026-05-17,43,82,60,18,62,83,60,100
11,2026-05-18,47,88,76,22,69,92,75,95
11,2026-05-19,44,82,50,30,68,85,48,97
11,2026-05-20,39,68,72,9,48,65,74,94
11,2026-05-21,49,85,36,33,73,90,36,83
12,2026-02-21,33,75,37,16,53,69,38,83
12,2026-02-22,35,77,79,0,57,77,78,73
12,2026-02-23,35,74,46,4,50,73,38,93
12,2026-02-24,39,80,50,17,61,81,51,97
12,2026-02-25,45,80,61,27,67,82,67,96
12,2026-02-26,35,66,64,13,48,68,61,95
12,2026-02-27,42,77,50,25,64,77,41,85
12,2026-02-28,37,67,77,2,49,65,76,86
12,2026-03-01,43,76,71,20,63,79,73,85
12,2026-03-02,32,77,35,3,53,73,39,73
12,2026-03-03,48,86,63,40,71,80,67,96
12,2026-03-04,27,64,53,1,45,62,51,88
12,2026-03-05,22,68,30,5,49,66,25,93
12,2026-03-06,50,74,71,33,57,73,67,90
12,2026-03-07,35,74,62,12,50,74,56,97
12,2026-03-08,47,78,69,23,58,72,66,100
12,2026-03-09,33,77,38,16,54,68,39,100
12,2026-03-10,30,69,67,0,50,67,67,80
12,2026-03-11,29,74,44,7,53,78,46,100
12,2026-03-12,34,71,50,8,61,71,44,92
12,2026-03-13,35,62,61,13,46,59,61,93
12,2026-03-14,33,69,36,24,51,68,36,87
12,2026-03-15,38,81,68,12,60,80,66,98
12,2026-03-16,36,67,73,6,49,65,77,100
12,2026-03-17,32,70,34,17,54,67,28,85
12,2026-03-18,47,82,71,31,65,88,69,97
12,2026-03-19,39,79,47,20,62,73,48,79
12,2026-03-20,31,67,50,0,51,66,57,83
12,2026-03-21,37,70,74,0,45,70,72,82
12,2026-03-22,35,73,62,3,54,69,63,98
12,2026-03-23,27,57,52,0,35,62,49,100
12,2026-03-24,44,81,72,17,59,86,75,85
12,2026-03-25,30,65,60,8,41,66,56,98
12,2026-03-26,35,74,66,3,53,75,67,95
12,2026-03-27,29,71,55,13,55,70,49,96
12,2026-03-28,36,78,38,20,64,85,38,95
12,2026-03-29,29,64,62,0,48,66,68,90
12,2026-03-30,36,77,50,8,55,64,48,97
12,2026-03-31,44,89,35,35,75,91,35,90
12,2026-04-01,32,61,80,0,38,59,82,97
12,2026-04-02,42,72,74,18,57,74,72,97
12,2026-04-03,35,66,70,0,44,63,64,76
12,2026-04-04,37,80,39,17,61,82,34,95
12,2026-04-05,60,91,93,42,75,91,95,84
12,2026-04-06,34,72,40,14,52,72,38,88
12,2026-04-07,42,75,75,16,59,72,78,85
12,2026-04-08,43,83,61,21,65,85,56,87
12,2026-04-09,35,73,43,13,57,69,53,91
12,2026-04-10,42,80,64,16,57,80,61,83
12,2026-04-11,34,67,57,9,52,68,58,100
12,2026-04-12,33,67,71,8,49,63,67,95
12,2026-04-13,37,67,100,4,48,71,100,99
12,2026-04-14,46,81,77,33,62,81,75,91
12,2026-04-15,46,78,100,16,58,81,98,99
12,2026-04-16,24,57,51,8,42,56,49,99
12,2026-04-17,39,71,54,15,54,74,52,90
12,2026-04-18,41,77,60,21,55,76,51,96
12,2026-04-19,40,70,71,10,52,70,74,92
12,2026-04-20,44,78,69,20,62,84,73,100
12,2026-04-21,37,77,58,14,59,77,61,100
12,2026-04-22,40,69,70,22,53,70,64,84
12,2026-04-23,30,60,64,0,40,62,65,92
12,2026-04-24,37,85,43,8,65,89,39,93
12,2026-04-25,30,64,61,0,48,65,68,93
12,2026-04-26,34,71,55,20,57,76,58,91
12,2026-04-27,46,80,87,15,59,81,87,88
12,2026-04-28,29,64,59,10,49,61,57,100
12,2026-04-29,30,68,50,12,56,67,49,100
12,2026-04-30,49,84,65,26,69,88,65,98
12,2026-05-01,46,73,62,31,57,72,59,99
12,2026-05-02,32,67,68,6,49,62,73,76
12,2026-05-03,43,86,55,25,66,83,48,95
12,2026-05-04,31,53,63,1,36,49,63,89
12,2026-05-05,34,66,59,18,49,60,62,98
12,2026-05-06,37,73,61,8,56,79,60,96
12,2026-05-07,28,70,44,13,52,72,47,94
12,2026-05-08,27,54,59,0,42,58,55,100
12,2026-05-09,41,78,37,20,73,77,39,98
12,2026-05-10,28,68,40,3,46,69,40,71
12,2026-05-11,47,78,63,29,63,81,64,89
12,2026-05-12,30,62,60,3,41,60,58,88
12,2026-05-13,29,72,36,3,50,68,38,95
12,2026-05-14,35,76,53,15,54,77,52,89
12,2026-05-15,31,61,57,1,44,59,52,97
12,2026-05-16,37,84,27,17,62,79,27,90
12,2026-05-17,35,68,76,3,47,69,73,93
12,2026-05-18,36,71,57,4,51,77,58,85
12,2026-05-19,34,68,66,11,52,68,62,80
12,2026-05-20,34,79,48,17,58,78,49,84
12,2026-05-21,33,63,65,20,57,61,64,81
13,2026-02-21,34,73,60,6,50,74,50,86
13,2026-02-22,30,73,53,2,46,76,53,88
13,2026-02-23,24,65,50,0,47,67,47,91
13,2026-02-24,35,75,44,11,60,74,38,65
13,2026-02-25,30,76,40,2,57,76,44,100
13,2026-02-26,38,81,51,17,59,84,51,90
13,2026-02-27,43,81,45,28,65,81,46,95
13,2026-02-28,29,73,36,11,52,74,34,94
13,2026-03-01,30,66,43,2,42,66,41,76
13,2026-03-02,28,57,60,4,45,59,63,88
13,2026-03-03,37,70,77,0,51,72,81,99
13,2026-03-04,31,74,54,3,46,65,57,91
13,2026-03-05,25,64,49,0,43,65,47,99
13,2026-03-06,35,65,73,13,48,64,71,89
13,2026-03-07,41,80,63,14,58,79,68,96
13,2026-03-08,28,65,44,2,49,59,48,99
13,2026-03-09,25,64,49,7,51,69,45,98
13,2026-03-10,32,63,60,3,49,66,60,82
13,2026-03-11,30,64,59,7,51,59,62,92
13,2026-03-12,28,56,57,1,37,51,61,92
13,2026-03-13,33,77,36,11,60,78,35,89
13,2026-03-14,31,63,56,5,47,62,56,99
13,2026-03-15,44,77,46,24,59,77,47,96
13,2026-03-16,30,69,31,5,46,66,32,100
13,2026-03-17,35,81,25,29,62,82,31,89
13,2026-03-18,29,71,42,0,56,69,39,95
13,2026-03-19,48,90,66,21,71,92,66,95
13,2026-03-20,43,76,58,33,59,74,55,96
13,2026-03-21,37,60,95,13,48,56,93,98
13,2026-03-22,45,93,27,39,81,94,26,83
13,2026-03-23,35,70,53,5,54,68,50,88
13,2026-03-24,27,58,52,2,42,59,52,94
13,2026-03-25,46,76,85,21,61,78,86,98
13,2026-03-26,36,68,54,20,50,66,58,86
13,2026-03-27,45,78,57,28,66,76,58,100
13,2026-03-28,37,71,63,5,48,74,61,94
13,2026-03-29,37,66,58,14,51,66,59,96
13,2026-03-30,41,69,92,7,53,69,90,80
13,2026-03-31,45,82,60,16,63,85,65,94
13,2026-04-01,38,73,63,26,57,78,62,95
13,2026-04-02,27,62,37,13,50,65,39,86
13,2026-04-03,37,82,51,16,65,83,55,95
13,2026-04-04,29,59,64,0,40,58,63,59
13,2026-04-05,25,64,33,12,41,66,32,95
13,2026-04-06,38,70,69,15,53,70,68,93
13,2026-04-07,35,79,47,15,60,74,47,97
13,2026-04-08,38,85,57,23,64,82,56,94
13,2026-04-09,39,69,82,7,48,70,85,100
13,2026-04-10,34,67,46,20,55,70,44,98
13,2026-04-11,33,64,73,4,46,64,70,87
13,2026-04-12,33,69,64,3,52,72,64,95
13,2026-04-13,28,61,38,1,42,63,40,98
13,2026-04-14,28,56,62,4,40,61,66,99
13,2026-04-15,41,63,87,8,43,64,86,89
13,2026-04-16,37,69,56,6,54,65,51,86
13,2026-04-17,33,70,53,14,57,73,60,88
13,2026-04-18,28,76,37,1,50,71,43,95
13,2026-04-19,38,72,50,27,56,70,53,96
13,2026-04-20,45,76,68,24,56,74,68,95
13,2026-04-21,40,73,72,17,54,74,75,83
13,2026-04-22,42,72,67,24,54,70,63,89
13,2026-04-23,49,85,66,29,62,90,63,98
13,2026-04-24,44,80,62,18,57,78,63,100
13,2026-04-25,37,67,66,14,52,61,70,88
13,2026-04-26,36,59,66,22,51,59,67,94
13,2026-04-27,36,73,57,15,60,78,53,100
13,2026-04-28,42,75,90,0,52,73,85,93
13,2026-04-29,44,77,76,16,59,79,79,98
13,2026-04-30,34,63,69,18,52,62,67,91
13,2026-05-01,42,77,66,14,58,77,63,91
13,2026-05-02,42,78,72,20,61,78,70,93
13,2026-05-03,46,84,63,22,68,82,68,99
13,2026-05-04,29,69,41,2,51,74,43,84
13,2026-05-05,36,71,54,21,51,69,53,96
13,2026-05-06,45,76,63,19,60,71,60,95
13,2026-05-07,38,71,66,11,55,63,67,92
13,2026-05-08,31,72,57,9,54,70,56,98
13,2026-05-09,38,77,64,19,59,78,61,89
13,2026-05-10,26,64,41,5,44,64,44,97
13,2026-05-11,43,77,56,32,68,72,60,83
13,2026-05-12,32,66,46,13,56,65,41,99
13,2026-05-13,42,83,43,26,65,84,43,92
13,2026-05-14,42,79,66,24,59,80,65,98
13,2026-05-15,38,65,73,12,50,63,74,88
13,2026-05-16,24,53,52,0,38,51,54,92
13,2026-05-17,39,76,65,16,60,78,71,98
13,2026-05-18,33,59,55,21,53,58,57,63
13,2026-05-19,34,64,63,0,38,65,67,97
13,2026-05-20,45,85,55,21,67,87,49,84
13,2026-05-21,36,68,88,0,51,69,89,94
14,2026-02-21,40,76,80,13,62,75,74,100
14,2026-02-22,46,76,75,23,65,80,80,99
14,2026-02-23,30,64,58,1,48,66,57,99
14,2026-02-24,33,58,69,3,39,57,71,79
14,2026-02-25,33,69,70,9,47,61,71,92
14,2026-02-26,32,74,36,16,55,73,35,87
14,2026-02-27,34,70,72,3,47,69,70,84
14,2026-02-28,34,65,67,0,46,63,70,82
14,2026-03-01,43,73,67,30,60,71,68,88
14,2026-03-02,29,55,35,2,38,56,42,90
14,2026-03-03,30,62,57,0,46,62,54,97
14,2026-03-04,35,74,41,10,52,80,37,82
14,2026-03-05,28,61,61,1,42,61,59,85
14,2026-03-06,40,74,60,20,58,77,60,79
14,2026-03-07,32,69,46,18,57,71,43,94
14,2026-03-08,45,81,37,33,74,82,34,94
14,2026-03-09,33,66,66,7,44,62,68,88
14,2026-03-10,46,80,74,17,65,82,76,96
14,2026-03-11,28,56,76,11,31,55,71,94
14,2026-03-12,24,66,38,0,47,72,37,100
14,2026-03-13,40,74,74,22,55,72,79,98
14,2026-03-14,42,79,45,26,66,83,46,75
14,2026-03-15,27,63,42,4,45,58,47,96
14,2026-03-16,39,72,55,21,50,72,55,97
14,2026-03-17,36,76,40,13,56,77,45,95
14,2026-03-18,32,75,48,3,57,72,49,92
14,2026-03-19,43,72,68,23,52,70,63,95
14,2026-03-20,50,81,66,36,65,83,66,91
14,2026-03-21,50,74,100,19,54,73,99,92
14,2026-03-22,27,62,64,2,42,66,63,83
14,2026-03-23,36,69,72,9,56,74,71,85
14,2026-03-24,29,70,56,10,58,69,54,92
14,2026-03-25,29,68,60,0,51,68,64,100
14,2026-03-26,31,67,36,19,49,63,32,98
14,2026-03-27,45,71,77,18,49,71,82,99
14,2026-03-28,31,80,39,14,57,85,41,92
14,2026-03-29,40,77,62,17,58,79,65,85
14,2026-03-30,26,76,29,3,51,77,35,96
14,2026-03-31,38,81,43,19,64,86,42,100
14,2026-04-01,38,65,80,14,49,65,79,90
14,2026-04-02,36,76,51,16,60,83,47,55
14,2026-04-03,33,70,44,16,54,69,45,68
14,2026-04-04,40,71,73,13,49,73,78,100
14,2026-04-05,48,73,65,34,62,73,65,96
14,2026-04-06,23,59,38,0,43,56,38,100
14,2026-04-07,39,75,46,20,60,74,40,94
14,2026-04-08,33,69,60,0,43,69,63,95
14,2026-04-09,36,81,47,17,64,76,46,99
14,2026-04-10,43,79,57,25,63,76,55,94
14,2026-04-11,31,62,63,7,46,67,65,86
14,2026-04-12,46,72,74,25,53,69,71,95
14,2026-04-13,30,67,63,0,47,67,60,97
14,2026-04-14,42,77,53,16,55,78,49,95
14,2026-04-15,42,82,49,18,68,82,53,100
14,2026-04-16,46,83,48,28,68,82,47,65
14,2026-04-17,37,75,45,3,53,75,45,98
14,2026-04-18,36,66,59,18,54,65,61,83
14,2026-04-19,38,71,66,20,53,66,65,95
14,2026-04-20,33,66,74,6,46,62,78,81
14,2026-04-21,37,77,58,11,61,80,58,87
14,2026-04-22,31,66,65,5,48,71,64,100
14,2026-04-23,43,72,66,21,58,74,64,83
14,2026-04-24,41,71,45,18,51,70,48,100
14,2026-04-25,34,78,36,7,60,77,36,82
14,2026-04-26,35,64,71,15,51,59,70,94
14,2026-04-27,36,72,36,21,57,70,37,99
14,2026-04-28,34,74,38,12,55,77,36,90
14,2026-04-29,29,61,46,11,48,61,48,89
14,2026-04-30,28,64,37,9,47,59,42,100
14,2026-05-01,44,80,53,26,70,84,53,93
14,2026-05-02,32,70,42,14,54,73,41,99
14,2026-05-03,29,72,51,12,56,74,54,97
14,2026-05-04,39,56,100,3,42,60,92,98
14,2026-05-05,42,83,68,22,62,84,68,73
14,2026-05-06,42,76,73,19,63,73,73,93
14,2026-05-07,48,71,87,18,56,73,88,87
14,2026-05-08,37,74,72,18,58,75,71,95
14,2026-05-09,42,80,81,5,56,80,78,85
14,2026-05-10,36,70,53,14,52,72,55,97
14,2026-05-11,47,67,98,29,57,60,96,99
14,2026-05-12,43,76,54,26,65,76,58,95
14,2026-05-13,35,67,66,15,50,66,64,89
14,2026-05-14,35,79,43,15,62,71,42,87
14,2026-05-15,44,78,76,28,64,73,75,98
14,2026-05-16,39,73,73,16,53,76,70,92
14,2026-05-17,43,78,78,14,55,75,81,94
14,2026-05-18,25,61,36,7,45,60,32,100
14,2026-05-19,31,75,42,14,58,76,38,92
14,2026-05-20,31,67,43,10,51,66,50,86
14,2026-05-21,34,76,43,0,56,78,43,89
15,2026-02-21,29,65,61,3,49,70,58,86
15,2026-02-22,31,64,64,0,42,59,60,97
15,2026-02-23,38,78,52,14,63,79,53,90
15,2026-02-24,30,68,38,15,52,69,38,96
15,2026-02-25,23,57,36,0,41,51,37,95
15,2026-02-26,42,74,69,26,55,74,68,100
15,2026-02-27,34,69,63,18,45,71,61,79
15,2026-02-28,43,75,64,27,58,74,66,94
15,2026-03-01,37,68,59,14,46,67,60,96
15,2026-03-02,36,70,62,8,51,66,61,83
15,2026-03-03,49,88,51,35,78,87,52,86
15,2026-03-04,42,80,51,21,63,82,49,93
15,2026-03-05,42,70,46,33,60,69,42,90
15,2026-03-06,36,66,63,17,47,68,59,90
15,2026-03-07,30,76,36,2,53,76,36,94
15,2026-03-08,33,72,49,12,50,73,47,97
15,2026-03-09,40,77,53,16,63,77,52,90
15,2026-03-10,20,54,36,4,39,59,36,81
15,2026-03-11,41,85,54,20,63,91,54,95
15,2026-03-12,42,75,69,30,57,71,69,89
15,2026-03-13,30,67,46,0,50,69,45,43
15,2026-03-14,41,80,49,22,60,80,52,95
15,2026-03-15,45,76,88,15,61,73,88,95
15,2026-03-16,32,71,38,10,50,69,42,80
15,2026-03-17,38,75,39,23,55,73,37,94
15,2026-03-18,30,67,45,6,56,70,47,90
15,2026-03-19,41,66,60,26,49,66,65,93
15,2026-03-20,31,65,47,12,47,65,51,100
15,2026-03-21,38,72,52,16,57,73,49,98
15,2026-03-22,27,65,44,5,49,63,46,94
15,2026-03-23,46,77,95,12,57,75,95,98
15,2026-03-24,27,59,40,3,42,61,34,87
15,2026-03-25,30,62,77,0,44,59,80,88
15,2026-03-26,34,73,49,19,58,75,53,96
15,2026-03-27,37,78,50,15,58,72,53,65
15,2026-03-28,45,76,52,35,62,77,51,93
15,2026-03-29,27,62,40,4,40,61,36,93
15,2026-03-30,48,71,91,16,53,73,85,91
15,2026-03-31,42,78,74,12,57,77,74,93
15,2026-04-01,23,68,39,7,48,69,38,95
15,2026-04-02,34,68,52,15,57,72,47,98
15,2026-04-03,28,61,60,0,36,64,54,92
15,2026-04-04,32,70,61,0,46,73,61,82
15,2026-04-05,37,73,81,1,49,73,75,85
15,2026-04-06,26,63,42,7,47,62,39,98
15,2026-04-07,26,64,39,0,48,67,33,85
15,2026-04-08,52,73,96,33,58,72,100,80
15,2026-04-09,50,75,67,35,60,71,68,87
15,2026-04-10,34,62,43,16,46,62,43,96
15,2026-04-11,35,74,38,21,58,72,45,93
15,2026-04-12,53,77,95,20,58,75,95,97
15,2026-04-13,28,54,60,0,37,59,61,97
15,2026-04-14,46,70,91,23,47,73,96,93
15,2026-04-15,29,62,60,15,43,67,61,100
15,2026-04-16,33,66,49,23,49,74,51,97
15,2026-04-17,43,83,53,27,67,89,50,97
15,2026-04-18,34,67,56,12,44,62,59,98
15,2026-04-19,33,76,58,4,59,81,61,86
15,2026-04-20,27,60,49,0,41,63,45,95
15,2026-04-21,42,80,53,30,63,78,51,94
15,2026-04-22,32,72,37,14,53,73,37,95
15,2026-04-23,39,72,63,19,58,76,62,99
15,2026-04-24,37,80,39,20,58,79,40,95
15,2026-04-25,34,65,59,13,48,64,55,95
15,2026-04-26,40,75,64,23,57,74,68,94
15,2026-04-27,28,55,62,3,39,55,66,96
15,2026-04-28,41,76,66,5,57,77,67,95
15,2026-04-29,47,70,87,32,63,68,83,100
15,2026-04-30,41,70,71,12,62,72,69,91
15,2026-05-01,34,75,34,22,58,75,34,100
15,2026-05-02,30,69,48,2,47,67,40,79
15,2026-05-03,30,67,33,7,45,69,37,100
15,2026-05-04,24,58,45,8,38,59,40,89
15,2026-05-05,39,75,71,12,52,73,72,91
15,2026-05-06,29,55,65,0,37,60,69,67
15,2026-05-07,32,69,54,1,44,72,51,99
15,2026-05-08,43,81,34,26,61,79,33,96
15,2026-05-09,49,84,93,11,61,92,93,78
15,2026-05-10,40,80,56,21,63,79,62,80
15,2026-05-11,34,68,54,11,50,66,48,96
15,2026-05-12,39,78,66,12,58,83,63,97
15,2026-05-13,35,71,30,25,58,68,34,87
15,2026-05-14,38,62,64,2,46,62,70,98
15,2026-05-15,34,70,63,4,52,70,64,96
15,2026-05-16,35,70,48,21,56,74,54,94
15,2026-05-17,34,70,68,0,52,72,65,96
15,2026-05-18,51,79,74,46,66,79,75,96
15,2026-05-19,34,62,35,19,47,64,35,84
15,2026-05-20,38,53,93,5,34,54,93,98
15,2026-05-21,51,88,62,36,73,81,62,96
