user_id,date,hrv_ms,resting_hr_bpm,body_temp_dev_c
1,2026-02-21,49.1,53.2,-0.04
1,2026-02-22,57.9,52.0,0.34
1,2026-02-23,49.9,48.4,0.24
1,2026-02-24,67.6,48.5,0.39
1,2026-02-25,58.1,48.4,-0.35
1,2026-02-26,69.7,47.7,0.09
1,2026-02-27,55.1,51.5,-0.05
1,2026-02-28,58.0,52.2,0.08
1,2026-03-01,72.4,49.2,-0.08
1,2026-03-02,63.9,46.9,-0.37
1,2026-03-03,40.3,49.8,-0.1
1,2026-03-04,59.2,47.7,0.1
1,2026-03-05,54.0,54.0,-0.0
1,2026-03-06,48.2,48.6,0.62
1,2026-03-07,65.5,47.2,-0.14
1,2026-03-08,58.3,52.8,0.19
1,2026-03-09,52.3,53.7,0.35
1,2026-03-10,72.9,44.2,-0.14
1,2026-03-11,75.4,51.6,0.0
1,2026-03-12,58.9,43.9,0.12
1,2026-03-13,66.8,47.4,-0.1
1,2026-03-14,54.8,51.3,-0.31
1,2026-03-15,72.8,58.2,-0.08
1,2026-03-16,57.3,49.0,0.2
1,2026-03-17,72.4,44.5,0.15
1,2026-03-18,61.0,49.1,0.35000000000000003
1,2026-03-19,77.0,49.8,-0.3
1,2026-03-20,67.3,44.8,-0.28
1,2026-03-21,69.8,49.5,0.21
1,2026-03-22,77.3,42.3,-0.19
1,2026-03-23,58.6,49.1,0.07
1,2026-03-24,68.8,58.6,0.02
1,2026-03-25,67.3,44.2,-0.27
1,2026-03-26,66.1,47.1,0.19
1,2026-03-27,55.5,41.5,-0.11
1,2026-03-28,69.2,50.4,0.02
1,2026-03-29,55.3,48.2,0.01
1,2026-03-30,50.3,51.0,0.27
1,2026-03-31,51.4,43.7,0.13
1,2026-04-01,66.6,47.5,0.22
1,2026-04-02,67.1,51.9,0.24
1,2026-04-03,67.8,42.8,-0.38
1,2026-04-04,58.7,47.7,0.58
1,2026-04-05,47.7,45.6,0.02
1,2026-04-06,55.9,51.6,0.02
1,2026-04-07,54.1,49.4,-0.32
1,2026-04-08,63.1,44.6,0.54
1,2026-04-09,67.8,47.2,0.11
1,2026-04-10,48.9,50.5,0.97
1,2026-04-11,61.9,49.1,0.22
1,2026-04-12,60.2,45.8,0.08
1,2026-04-13,47.0,42.0,0.23
1,2026-04-14,65.9,53.6,-0.33
1,2026-04-15,66.1,52.0,0.31
1,2026-04-16,66.5,50.0,-0.23
1,2026-04-17,62.5,41.7,-0.03
1,2026-04-18,76.1,41.1,-0.11
1,2026-04-19,64.1,47.1,0.59
1,2026-04-20,44.4,48.6,0.92
1,2026-04-21,58.4,47.2,0.17
1,2026-04-22,58.3,55.2,0.17
1,2026-04-23,63.8,47.8,-0.16
1,2026-04-24,70.3,44.8,-0.16
1,2026-04-25,60.5,50.2,0.08
1,2026-04-26,58.3,50.1,0.14
1,2026-04-27,54.7,46.5,0.03
1,2026-04-28,58.0,51.2,0.39
1,2026-04-29,59.9,51.7,0.01
1,2026-04-30,61.5,49.9,-0.07
1,2026-05-01,58.6,46.8,0.15
1,2026-05-02,49.2,44.6,0.3
1,2026-05-03,54.0,48.9,0.16
1,2026-05-04,55.0,46.3,-0.52
1,2026-05-05,77.8,43.0,-0.08
1,2026-05-06,68.6,51.7,-0.11
1,2026-05-07,65.3,44.3,0.06
1,2026-05-08,73.0,44.3,-0.17
1,2026-05-09,74.6,47.4,0.37
1,2026-05-10,61.4,46.1,-0.17
1,2026-05-11,60.4,47.4,-0.21
1,2026-05-12,67.8,46.4,-0.36
1,2026-05-13,57.1,46.9,0.0
1,2026-05-14,67.7,46.2,0.57
1,2026-05-15,67.2,54.6,-0.19
1,2026-05-16,63.1,49.8,-0.36
1,2026-05-17,70.3,40.0,-0.13
1,2026-05-18,45.8,47.3,0.14
1,2026-05-19,71.9,40.5,0.46
1,2026-05-20,63.5,44.7,0.07
1,2026-05-21,55.4,45.3,0.31
2,2026-02-21,63.6,51.1,0.38
2,2026-02-22,64.1,48.1,0.16
2,2026-02-23,47.7,52.0,0.27
2,2026-02-24,74.0,51.1,-0.19
2,2026-02-25,62.6,56.0,0.04
2,2026-02-26,71.0,48.7,0.24
2,2026-02-27,62.6,53.2,0.5700000000000001
2,2026-02-28,59.1,42.7,0.36
2,2026-03-01,59.7,52.5,0.38
2,2026-03-02,59.5,53.5,0.08
2,2026-03-03,48.3,49.3,0.1
2,2026-03-04,61.7,54.0,-0.36
2,2026-03-05,64.9,45.7,-0.13
2,2026-03-06,53.5,57.7,-0.08
2,2026-03-07,57.8,46.2,-0.03
2,2026-03-08,53.8,49.6,-0.57
2,2026-03-09,53.5,50.2,-0.03
2,2026-03-10,60.4,46.4,0.14
2,2026-03-11,60.0,40.1,-0.38
2,2026-03-12,73.1,52.7,-0.25
2,2026-03-13,86.9,53.7,-0.03
2,2026-03-14,54.6,45.9,-0.23
2,2026-03-15,57.1,44.8,0.42
2,2026-03-16,66.4,45.6,-0.0
2,2026-03-17,74.6,51.2,-0.26
2,2026-03-18,60.9,54.6,-0.33
2,2026-03-19,51.3,51.3,-0.16
2,2026-03-20,58.6,45.7,-0.14
2,2026-03-21,62.9,45.6,0.07
2,2026-03-22,62.1,50.5,-0.02
2,2026-03-23,55.0,51.9,0.13
2,2026-03-24,54.8,57.0,0.4
2,2026-03-25,57.3,51.1,-0.19
2,2026-03-26,48.2,46.9,-0.08
2,2026-03-27,67.8,42.1,-0.02
2,2026-03-28,53.1,48.1,-0.1
2,2026-03-29,70.8,46.4,0.21
2,2026-03-30,50.8,45.7,0.61
2,2026-03-31,67.5,47.8,0.09
2,2026-04-01,58.0,50.5,0.4
2,2026-04-02,65.6,46.9,-0.12
2,2026-04-03,59.5,50.7,0.26
2,2026-04-04,70.0,47.2,0.3
2,2026-04-05,59.8,45.7,-0.56
2,2026-04-06,60.2,55.1,0.08
2,2026-04-07,61.3,51.9,0.02
2,2026-04-08,51.3,52.9,0.08
2,2026-04-09,59.8,52.2,0.02
2,2026-04-10,59.5,44.9,0.21
2,2026-04-11,56.4,54.3,0.1
2,2026-04-12,71.6,46.2,-0.07
2,2026-04-13,52.5,46.5,-0.14
2,2026-04-14,70.3,53.6,0.1
2,2026-04-15,78.4,43.9,-0.13
2,2026-04-16,49.2,54.1,0.16
2,2026-04-17,63.0,48.8,0.66
2,2026-04-18,64.3,50.9,0.12
2,2026-04-19,65.3,49.0,-0.28
2,2026-04-20,73.3,45.9,-0.25
2,2026-04-21,62.5,58.1,0.13
2,2026-04-22,62.3,46.2,-0.25
2,2026-04-23,50.4,46.9,0.16
2,2026-04-24,61.0,54.5,-0.06
2,2026-04-25,51.7,47.7,-0.33
2,2026-04-26,52.6,50.5,1.3900000000000001
2,2026-04-27,69.8,46.6,-0.28
2,2026-04-28,63.8,48.3,-0.17
2,2026-04-29,65.0,48.4,-0.04
2,2026-04-30,84.4,43.2,0.35
2,2026-05-01,42.6,52.5,-0.52
2,2026-05-02,66.2,46.5,-0.04
2,2026-05-03,58.0,43.1,0.96
2,2026-05-04,58.2,52.5,0.6599999999999999
2,2026-05-05,55.0,45.3,0.12
2,2026-05-06,61.3,46.5,0.2
2,2026-05-07,56.6,45.9,0.29
2,2026-05-08,58.9,43.6,-0.42
2,2026-05-09,78.3,45.2,0.26
2,2026-05-10,74.7,40.2,0.19
2,2026-05-11,49.9,40.0,0.42
2,2026-05-12,61.2,47.1,0.53
2,2026-05-13,75.1,55.8,0.17
2,2026-05-14,65.7,46.4,0.0
2,2026-05-15,67.1,40.6,0.14
2,2026-05-16,72.6,48.9,0.06
2,2026-05-17,72.3,43.0,0.13
2,2026-05-18,46.7,41.9,-0.16
2,2026-05-19,64.7,45.6,0.05
2,2026-05-20,59.6,41.3,-0.23
2,2026-05-21,53.8,49.2,-0.44
3,2026-02-21,57.1,53.2,-0.14
3,2026-02-22,65.0,43.6,0.25
3,2026-02-23,60.8,57.4,-0.16
3,2026-02-24,78.6,52.3,0.13
3,2026-02-25,69.1,44.0,-0.18
3,2026-02-26,62.2,44.9,-0.06
3,2026-02-27,67.2,52.6,0.14
3,2026-02-28,72.9,48.3,0.16
3,2026-03-01,67.7,50.9,0.07
3,2026-03-02,51.1,51.9,-0.05
3,2026-03-03,64.0,52.8,0.01
3,2026-03-04,64.6,44.4,0.13
3,2026-03-05,66.2,48.1,0.31
3,2026-03-06,57.3,51.6,-0.48
3,2026-03-07,72.7,44.0,0.07
3,2026-03-08,71.6,52.7,0.01
3,2026-03-09,57.4,55.5,0.57
3,2026-03-10,61.6,43.1,-0.44
3,2026-03-11,61.2,48.6,-0.34
3,2026-03-12,57.3,42.0,-0.3
3,2026-03-13,72.5,48.8,-0.01
3,2026-03-14,70.1,54.3,0.41
3,2026-03-15,59.6,47.5,-0.16
3,2026-03-16,57.3,47.6,-0.04
3,2026-03-17,76.1,47.3,-0.21
3,2026-03-18,68.6,46.7,-0.18
3,2026-03-19,77.2,56.7,-0.15
3,2026-03-20,61.8,51.6,0.27
3,2026-03-21,63.5,46.2,-0.34
3,2026-03-22,59.1,46.0,-0.0
3,2026-03-23,57.8,50.3,-0.0
3,2026-03-24,74.5,54.1,0.09
3,2026-03-25,70.5,56.7,0.15
3,2026-03-26,62.2,53.0,0.11
3,2026-03-27,71.7,51.3,0.27
3,2026-03-28,74.5,46.6,0.12
3,2026-03-29,63.8,49.7,0.3
3,2026-03-30,55.7,50.8,0.1
3,2026-03-31,66.8,49.3,-0.34
3,2026-04-01,71.3,55.0,0.05
3,2026-04-02,67.3,55.3,-0.02
3,2026-04-03,67.6,49.7,0.1
3,2026-04-04,74.0,44.8,0.03
3,2026-04-05,59.8,47.0,0.03
3,2026-04-06,58.0,50.4,0.39
3,2026-04-07,65.0,42.0,-0.1
3,2026-04-08,53.9,40.0,0.11
3,2026-04-09,61.5,53.3,0.33
3,2026-04-10,70.8,48.4,0.46
3,2026-04-11,57.1,52.3,-0.05
3,2026-04-12,55.6,54.5,-0.02
3,2026-04-13,71.6,49.7,-0.06
3,2026-04-14,70.3,50.4,0.16
3,2026-04-15,76.4,53.6,0.12
3,2026-04-16,60.4,55.8,-0.01
3,2026-04-17,54.4,42.2,0.14
3,2026-04-18,62.3,40.9,-0.11
3,2026-04-19,46.5,52.5,-0.27
3,2026-04-20,55.2,48.2,-0.0
3,2026-04-21,48.2,50.5,1.11
3,2026-04-22,59.0,48.5,-0.07
3,2026-04-23,65.3,44.3,-0.07
3,2026-04-24,74.0,50.8,-0.12
3,2026-04-25,62.5,53.8,0.23
3,2026-04-26,80.6,49.6,0.1
3,2026-04-27,68.6,52.4,-0.13
3,2026-04-28,67.1,51.9,-0.05
3,2026-04-29,76.8,55.1,0.05
3,2026-04-30,58.0,46.0,0.15
3,2026-05-01,75.3,55.0,0.11
3,2026-05-02,57.3,50.3,-0.13
3,2026-05-03,68.1,46.9,-0.42
3,2026-05-04,70.9,51.4,-0.47
3,2026-05-05,59.2,48.8,0.26
3,2026-05-06,65.6,55.0,-0.41
3,2026-05-07,61.9,53.7,0.35
3,2026-05-08,69.7,45.1,0.08
3,2026-05-09,64.2,49.9,-0.09
3,2026-05-10,48.7,48.7,-0.29
3,2026-05-11,66.2,42.5,0.29
3,2026-05-12,54.2,46.6,-0.52
3,2026-05-13,68.7,41.4,-0.11
3,2026-05-14,60.0,49.7,0.21
3,2026-05-15,76.6,49.1,0.11
3,2026-05-16,64.4,49.1,-0.08
3,2026-05-17,62.4,50.4,0.01
3,2026-05-18,62.8,43.3,-0.05
3,2026-05-19,70.5,51.1,0.09
3,2026-05-20,42.6,59.2,0.43000000000000005
3,2026-05-21,70.2,43.6,0.16
4,2026-02-21,58.0,54.7,0.22
4,2026-02-22,63.5,53.7,0.5
4,2026-02-23,58.2,58.0,0.28
4,2026-02-24,69.1,49.4,0.41
4,2026-02-25,62.1,50.7,-0.02
4,2026-02-26,62.3,55.0,0.36
4,2026-02-27,57.8,57.5,0.3
4,2026-02-28,49.9,56.5,0.16
4,2026-03-01,58.6,54.1,-0.04
4,2026-03-02,56.9,48.4,-0.41
4,2026-03-03,51.9,44.9,-0.16
4,2026-03-04,49.3,54.1,-0.18
4,2026-03-05,54.4,62.4,0.25
4,2026-03-06,57.3,51.6,-0.0
4,2026-03-07,48.9,46.8,0.26
4,2026-03-08,79.5,56.0,0.14
4,2026-03-09,63.1,54.4,0.03
4,2026-03-10,59.6,52.5,0.14
4,2026-03-11,46.6,52.8,-0.25
4,2026-03-12,51.3,45.5,0.1
4,2026-03-13,52.3,56.9,-0.25
4,2026-03-14,58.4,49.2,0.14
4,2026-03-15,55.4,54.4,-0.4
4,2026-03-16,60.8,58.6,-0.02
4,2026-03-17,61.3,51.3,0.03
4,2026-03-18,64.7,51.8,0.1
4,2026-03-19,49.2,59.9,-0.31
4,2026-03-20,54.9,56.1,-0.14
4,2026-03-21,55.1,54.0,-0.21
4,2026-03-22,77.6,54.9,-0.18
4,2026-03-23,56.0,52.3,0.01
4,2026-03-24,59.4,46.6,0.07
4,2026-03-25,59.9,63.1,-0.2
4,2026-03-26,73.7,56.6,0.28
4,2026-03-27,65.2,59.2,-0.09
4,2026-03-28,59.1,48.2,-0.18
4,2026-03-29,61.0,49.5,0.06
4,2026-03-30,45.3,54.4,0.53
4,2026-03-31,70.6,47.7,0.42
4,2026-04-01,64.2,52.9,-0.17
4,2026-04-02,65.2,48.8,0.04
4,2026-04-03,49.6,58.8,-0.08
4,2026-04-04,69.7,54.8,-0.27
4,2026-04-05,58.4,52.7,0.2
4,2026-04-06,76.5,53.9,0.05
4,2026-04-07,58.5,54.3,0.15
4,2026-04-08,54.8,47.0,-0.46
4,2026-04-09,65.2,60.9,-0.28
4,2026-04-10,61.1,55.6,0.02
4,2026-04-11,60.4,54.5,0.15
4,2026-04-12,59.8,49.1,0.13
4,2026-04-13,51.0,52.3,0.04
4,2026-04-14,61.1,55.3,0.35
4,2026-04-15,65.8,41.9,0.02
4,2026-04-16,56.4,51.3,0.01
4,2026-04-17,65.6,44.8,-0.16
4,2026-04-18,53.9,51.4,-0.3
4,2026-04-19,66.2,48.0,0.1
4,2026-04-20,56.8,57.8,0.04
4,2026-04-21,58.8,49.6,-0.1
4,2026-04-22,56.6,50.6,-0.1
4,2026-04-23,62.9,45.6,0.23
4,2026-04-24,41.2,55.5,-0.34
4,2026-04-25,59.8,56.5,-0.08
4,2026-04-26,57.1,41.3,-0.14
4,2026-04-27,61.8,47.7,-0.01
4,2026-04-28,71.3,51.0,-0.01
4,2026-04-29,54.3,56.2,-0.22
4,2026-04-30,50.8,45.1,0.37
4,2026-05-01,60.2,56.1,-0.28
4,2026-05-02,67.3,49.5,0.54
4,2026-05-03,57.1,52.5,0.2
4,2026-05-04,59.2,48.4,0.11
4,2026-05-05,56.5,50.5,0.02
4,2026-05-06,59.1,52.1,-0.34
4,2026-05-07,54.3,54.0,0.29
4,2026-05-08,71.6,54.1,0.25
4,2026-05-09,56.0,46.2,-0.13
4,2026-05-10,72.8,53.4,0.11
4,2026-05-11,76.5,57.0,0.45
4,2026-05-12,66.5,55.4,-0.09
4,2026-05-13,55.5,48.7,-0.32
4,2026-05-14,78.7,46.7,-0.06
4,2026-05-15,60.1,45.7,0.23
4,2026-05-16,61.0,52.1,-0.06
4,2026-05-17,75.2,54.5,0.18
4,2026-05-18,60.9,45.7,0.1
4,2026-05-19,57.2,51.0,-0.37
4,2026-05-20,64.9,57.7,0.06
4,2026-05-21,83.3,58.1,0.16
5,2026-02-21,66.1,46.4,-0.05
5,2026-02-22,60.4,52.4,-0.35
5,2026-02-23,54.7,53.1,0.3
5,2026-02-24,62.4,45.4,-0.28
5,2026-02-25,73.1,49.7,0.43
5,2026-02-26,64.1,44.4,0.36
5,2026-02-27,55.2,56.2,-0.14
5,2026-02-28,87.9,51.6,-0.17
5,2026-03-01,83.9,55.9,0.26
5,2026-03-02,69.2,51.0,0.33
5,2026-03-03,66.1,49.2,0.17
5,2026-03-04,75.2,40.0,0.2
5,2026-03-05,61.8,43.5,-0.02
5,2026-03-06,66.6,51.7,0.14
5,2026-03-07,77.4,53.2,-0.06
5,2026-03-08,60.0,55.6,-0.48
5,2026-03-09,60.8,46.3,0.04
5,2026-03-10,53.6,54.9,-0.05
5,2026-03-11,71.9,48.6,-0.29
5,2026-03-12,44.8,51.5,-0.09
5,2026-03-13,81.1,48.8,-0.15
5,2026-03-14,71.6,52.2,-0.14
5,2026-03-15,67.1,49.8,-0.22
5,2026-03-16,58.3,47.2,-0.23
5,2026-03-17,79.9,49.5,-0.01
5,2026-03-18,62.0,50.9,-0.28
5,2026-03-19,73.9,49.3,0.02
5,2026-03-20,72.2,50.0,-0.15
5,2026-03-21,74.5,45.4,0.07
5,2026-03-22,57.3,50.7,0.09
5,2026-03-23,59.3,47.1,0.05
5,2026-03-24,77.4,49.1,0.04
5,2026-03-25,61.6,50.6,-0.27
5,2026-03-26,44.9,48.4,0.5
5,2026-03-27,73.3,58.4,0.01
5,2026-03-28,62.5,47.6,-0.01
5,2026-03-29,63.2,46.9,-0.12
5,2026-03-30,57.8,44.3,0.02
5,2026-03-31,66.1,43.8,0.22
5,2026-04-01,67.9,46.1,-0.0
5,2026-04-02,65.1,54.6,0.03
5,2026-04-03,57.0,51.4,0.34
5,2026-04-04,65.0,55.1,0.02
5,2026-04-05,75.4,53.8,0.16
5,2026-04-06,63.0,48.2,-0.24
5,2026-04-07,72.1,46.9,0.05
5,2026-04-08,68.9,55.4,-0.02
5,2026-04-09,72.4,54.4,0.36
5,2026-04-10,67.3,53.7,0.3
5,2026-04-11,89.5,46.5,0.15
5,2026-04-12,70.2,54.9,-0.25
5,2026-04-13,75.0,49.0,0.33
5,2026-04-14,79.3,49.5,-0.25
5,2026-04-15,64.9,47.3,-0.1
5,2026-04-16,81.9,48.2,0.3
5,2026-04-17,81.2,49.1,0.31
5,2026-04-18,61.8,50.8,-0.29
5,2026-04-19,78.6,47.8,0.13
5,2026-04-20,73.1,44.0,0.03
5,2026-04-21,84.7,53.5,-0.33
5,2026-04-22,72.0,51.3,0.16
5,2026-04-23,78.1,50.4,0.16
5,2026-04-24,68.2,45.4,0.28
5,2026-04-25,68.3,50.2,-0.02
5,2026-04-26,65.0,48.8,0.08
5,2026-04-27,67.9,47.4,0.19
5,2026-04-28,75.3,51.6,-0.23
5,2026-04-29,78.1,51.7,-0.1
5,2026-04-30,61.5,56.4,0.72
5,2026-05-01,66.7,52.2,-0.4
5,2026-05-02,77.9,45.5,0.11
5,2026-05-03,76.7,48.5,-0.04
5,2026-05-04,67.3,47.1,-0.18
5,2026-05-05,69.9,45.2,0.06
5,2026-05-06,71.8,51.4,0.16
5,2026-05-07,91.2,46.2,-0.46
5,2026-05-08,76.8,49.7,0.53
5,2026-05-09,60.9,55.3,0.19
5,2026-05-10,62.1,48.8,-0.06
5,2026-05-11,47.6,49.2,0.14
5,2026-05-12,88.2,49.1,-0.03
5,2026-05-13,68.4,46.2,-0.01
5,2026-05-14,68.2,40.3,0.11
5,2026-05-15,51.0,48.9,0.04999999999999999
5,2026-05-16,67.5,45.5,0.08
5,2026-05-17,80.7,50.0,-0.05
5,2026-05-18,68.8,45.4,-0.08
5,2026-05-19,63.7,48.3,0.27
5,2026-05-20,64.5,42.3,-0.45
5,2026-05-21,57.5,51.4,0.38
6,2026-02-21,73.0,53.9,-0.07
6,2026-02-22,53.0,46.7,-0.08
6,2026-02-23,56.1,50.5,-0.06
6,2026-02-24,55.0,55.1,0.29
6,2026-02-25,59.4,50.2,0.18
6,2026-02-26,62.1,51.7,0.16
6,2026-02-27,51.1,50.5,-0.01
6,2026-02-28,58.6,60.8,-0.12
6,2026-03-01,61.6,45.9,0.32
6,2026-03-02,50.4,51.9,0.21
6,2026-03-03,50.9,53.6,0.25
6,2026-03-04,55.1,52.0,0.12
6,2026-03-05,59.4,53.1,0.2
6,2026-03-06,46.5,56.2,0.19
6,2026-03-07,51.8,48.2,-0.28
6,2026-03-08,50.0,45.9,0.81
6,2026-03-09,46.3,54.6,-0.04
6,2026-03-10,54.9,53.6,0.4
6,2026-03-11,64.4,47.8,0.79
6,2026-03-12,51.5,49.2,0.1
6,2026-03-13,60.0,48.1,-0.06
6,2026-03-14,73.6,49.2,0.06
6,2026-03-15,70.2,51.0,-0.03
6,2026-03-16,61.4,51.6,-0.51
6,2026-03-17,74.7,58.4,0.16
6,2026-03-18,64.9,45.2,-0.22
6,2026-03-19,59.6,47.5,-0.49
6,2026-03-20,67.0,48.7,-0.28
6,2026-03-21,40.8,48.2,0.28
6,2026-03-22,76.7,47.5,-0.32
6,2026-03-23,79.2,43.3,0.06
6,2026-03-24,64.9,47.8,0.07
6,2026-03-25,66.1,47.7,0.09
6,2026-03-26,60.9,50.2,0.26
6,2026-03-27,54.0,46.5,-0.15
6,2026-03-28,72.2,60.0,-0.07
6,2026-03-29,60.8,50.2,0.13
6,2026-03-30,63.5,53.7,-0.05
6,2026-03-31,56.2,40.0,0.9400000000000001
6,2026-04-01,62.9,53.5,0.24
6,2026-04-02,58.1,46.0,0.29
6,2026-04-03,57.2,52.7,0.13
6,2026-04-04,65.6,51.7,0.11
6,2026-04-05,56.8,53.6,0.18
6,2026-04-06,52.4,49.7,-0.21
6,2026-04-07,61.4,46.1,-0.04
6,2026-04-08,62.5,48.2,0.01
6,2026-04-09,66.5,48.7,-0.2
6,2026-04-10,60.3,49.0,-0.04
6,2026-04-11,56.0,45.6,-0.23
6,2026-04-12,60.5,51.4,-0.07
6,2026-04-13,63.9,51.1,-0.31
6,2026-04-14,48.6,53.4,-0.21
6,2026-04-15,64.5,40.0,0.05
6,2026-04-16,56.7,49.2,-0.28
6,2026-04-17,68.2,50.3,0.13
6,2026-04-18,52.7,48.7,-0.18
6,2026-04-19,69.1,45.6,-0.1
6,2026-04-20,54.0,48.4,0.24
6,2026-04-21,53.8,51.6,-0.22
6,2026-04-22,59.9,45.2,0.18
6,2026-04-23,58.2,49.3,0.05
6,2026-04-24,60.3,51.2,-0.02
6,2026-04-25,66.3,53.9,0.76
6,2026-04-26,69.9,53.1,0.02
6,2026-04-27,60.8,48.9,-0.07
6,2026-04-28,61.2,46.3,0.0
6,2026-04-29,67.1,42.3,-0.05
6,2026-04-30,58.3,47.4,-0.11
6,2026-05-01,74.0,46.4,0.12
6,2026-05-02,70.7,47.6,0.17
6,2026-05-03,53.9,44.9,-0.1
6,2026-05-04,52.5,52.4,-0.3
6,2026-05-05,75.7,48.6,-0.04
6,2026-05-06,58.2,47.1,0.01
6,2026-05-07,46.4,41.7,0.21999999999999997
6,2026-05-08,60.9,40.0,0.19
6,2026-05-09,43.4,47.6,-0.07
6,2026-05-10,78.8,48.5,0.26
6,2026-05-11,53.9,49.4,0.0
6,2026-05-12,60.9,48.4,0.25
6,2026-05-13,48.3,42.6,0.27
6,2026-05-14,64.1,47.7,0.04
6,2026-05-15,64.8,40.0,-0.23
6,2026-05-16,62.1,40.9,-0.04
6,2026-05-17,76.2,49.6,0.01
6,2026-05-18,49.9,44.9,-0.09
6,2026-05-19,60.5,48.9,0.35
6,2026-05-20,67.0,51.9,0.4
6,2026-05-21,54.9,49.8,-0.06
7,2026-02-21,56.7,54.6,-0.21
7,2026-02-22,73.6,54.0,0.15
7,2026-02-23,70.2,53.8,-0.05
7,2026-02-24,56.5,64.7,-0.47
7,2026-02-25,49.1,52.4,-0.11
7,2026-02-26,63.2,53.9,0.08
7,2026-02-27,73.3,46.8,0.05
7,2026-02-28,54.6,56.4,-0.15
7,2026-03-01,62.2,53.7,-0.16
7,2026-03-02,59.7,48.7,0.21
7,2026-03-03,52.6,55.9,0.37
7,2026-03-04,61.8,56.6,-0.05
7,2026-03-05,50.6,56.5,0.22
7,2026-03-06,47.8,52.6,0.56
7,2026-03-07,53.8,55.1,-0.19
7,2026-03-08,48.5,50.1,0.33
7,2026-03-09,58.2,54.1,0.03
7,2026-03-10,63.6,49.9,0.2
7,2026-03-11,69.2,47.0,-0.18
7,2026-03-12,55.4,53.3,-0.24
7,2026-03-13,61.1,52.2,-0.39
7,2026-03-14,73.5,61.2,0.03
7,2026-03-15,65.1,51.7,0.35
7,2026-03-16,53.9,45.8,-0.0
7,2026-03-17,55.9,47.9,-0.09
7,2026-03-18,62.9,40.0,0.05
7,2026-03-19,56.5,57.8,0.26
7,2026-03-20,65.0,44.0,0.08
7,2026-03-21,64.7,40.1,-0.18
7,2026-03-22,52.8,56.3,-0.29
7,2026-03-23,55.2,58.5,-0.27
7,2026-03-24,51.6,50.5,0.12
7,2026-03-25,70.2,44.2,-0.15
7,2026-03-26,61.7,48.6,0.13
7,2026-03-27,64.1,53.2,-0.4
7,2026-03-28,65.7,50.7,0.06
7,2026-03-29,44.0,53.4,0.27
7,2026-03-30,64.2,53.8,0.12
7,2026-03-31,57.3,56.0,-0.13
7,2026-04-01,64.0,54.7,0.19
7,2026-04-02,64.7,52.9,-0.6
7,2026-04-03,59.8,55.9,0.21
7,2026-04-04,59.9,54.7,0.19
7,2026-04-05,53.4,54.9,0.01
7,2026-04-06,70.2,52.6,-0.06
7,2026-04-07,62.3,41.6,0.27
7,2026-04-08,52.7,47.2,0.09
7,2026-04-09,66.2,55.7,-0.34
7,2026-04-10,61.1,49.0,-0.25
7,2026-04-11,52.9,44.6,0.28
7,2026-04-12,55.8,51.4,-0.18
7,2026-04-13,64.2,46.5,0.31
7,2026-04-14,64.5,51.3,0.35
7,2026-04-15,68.8,50.3,-0.33
7,2026-04-16,58.7,49.4,-0.13
7,2026-04-17,49.1,52.2,-0.19
7,2026-04-18,71.4,48.9,-0.16
7,2026-04-19,72.8,44.4,-0.16
7,2026-04-20,45.7,51.3,0.24
7,2026-04-21,51.9,48.3,0.04
7,2026-04-22,60.4,52.8,0.05
7,2026-04-23,47.0,45.3,1.38
7,2026-04-24,66.7,46.0,0.2
7,2026-04-25,71.8,55.0,-0.38
7,2026-04-26,65.0,53.4,0.1
7,2026-04-27,41.5,47.3,1.29
7,2026-04-28,58.9,43.5,-0.03
7,2026-04-29,64.7,54.4,-0.25
7,2026-04-30,55.2,50.9,0.08
7,2026-05-01,62.6,49.3,-0.4
7,2026-05-02,61.4,51.1,0.39
7,2026-05-03,70.4,48.9,0.07
7,2026-05-04,60.9,54.3,-0.17
7,2026-05-05,55.3,51.1,-0.18
7,2026-05-06,72.7,56.3,0.1
7,2026-05-07,64.6,51.7,0.19
7,2026-05-08,71.4,54.7,0.04
7,2026-05-09,73.5,54.7,-0.05
7,2026-05-10,49.6,52.6,0.2
7,2026-05-11,56.7,50.0,0.36
7,2026-05-12,67.5,46.1,-0.4
7,2026-05-13,47.4,48.4,0.21
7,2026-05-14,56.9,51.1,0.2
7,2026-05-15,61.6,48.6,0.36
7,2026-05-16,56.9,48.6,0.14
7,2026-05-17,54.5,53.8,0.24
7,2026-05-18,51.8,45.4,0.02
7,2026-05-19,50.3,44.2,-0.33
7,2026-05-20,57.2,55.9,-0.29
7,2026-05-21,52.4,49.7,-0.21
8,2026-02-21,52.3,58.3,0.04
8,2026-02-22,50.6,64.3,-0.28
8,2026-02-23,39.6,56.6,-0.26
8,2026-02-24,54.7,58.8,0.23
8,2026-02-25,47.6,56.0,-0.19
8,2026-02-26,47.6,66.0,0.11
8,2026-02-27,48.6,50.9,-0.18
8,2026-02-28,44.7,58.9,0.52
8,2026-03-01,59.1,42.1,0.27
8,2026-03-02,54.1,40.5,0.0
8,2026-03-03,53.6,64.8,0.06
8,2026-03-04,43.3,49.2,-0.1
8,2026-03-05,46.5,47.2,-0.03
8,2026-03-06,51.1,52.1,-0.01
8,2026-03-07,49.5,49.7,0.51
8,2026-03-08,56.6,54.9,0.44
8,2026-03-09,49.5,55.2,-0.52
8,2026-03-10,48.7,46.9,-0.05
8,2026-03-11,49.4,58.5,-0.05
8,2026-03-12,45.2,53.2,0.01
8,2026-03-13,48.1,58.1,0.12
8,2026-03-14,50.4,50.3,0.05
8,2026-03-15,48.1,60.0,-0.27
8,2026-03-16,42.4,50.1,-0.05
8,2026-03-17,53.2,51.8,0.8899999999999999
8,2026-03-18,48.5,52.1,1.57
8,2026-03-19,52.2,60.7,0.35
8,2026-03-20,53.2,53.5,0.35
8,2026-03-21,57.9,60.7,-0.18
8,2026-03-22,54.1,54.5,0.12
8,2026-03-23,51.2,60.2,0.2
8,2026-03-24,52.6,47.8,0.1
8,2026-03-25,43.6,57.6,-0.16
8,2026-03-26,43.5,51.1,-0.35
8,2026-03-27,40.9,53.0,0.06
8,2026-03-28,47.2,55.4,0.26
8,2026-03-29,57.1,47.3,0.02
8,2026-03-30,47.3,46.9,-0.22
8,2026-03-31,43.6,56.3,-0.38
8,2026-04-01,55.0,55.5,0.16
8,2026-04-02,44.1,59.9,-0.12
8,2026-04-03,50.3,54.4,-0.39
8,2026-04-04,42.2,58.4,0.17
8,2026-04-05,48.8,54.3,0.08
8,2026-04-06,42.9,53.2,0.29
8,2026-04-07,38.5,47.4,0.6299999999999999
8,2026-04-08,53.3,59.6,0.27
8,2026-04-09,41.8,59.1,0.16
8,2026-04-10,53.7,57.9,0.5
8,2026-04-11,58.2,60.5,0.44
8,2026-04-12,48.6,60.2,-0.2
8,2026-04-13,58.8,55.8,0.04
8,2026-04-14,53.7,41.8,0.16
8,2026-04-15,57.4,51.9,-0.16
8,2026-04-16,43.8,59.6,0.49
8,2026-04-17,51.3,45.6,0.22
8,2026-04-18,59.9,60.6,0.14
8,2026-04-19,45.2,56.9,0.12
8,2026-04-20,59.2,56.3,0.1
8,2026-04-21,54.6,47.1,0.77
8,2026-04-22,53.1,46.3,0.1
8,2026-04-23,50.0,43.3,0.28
8,2026-04-24,51.0,49.7,0.05
8,2026-04-25,46.2,53.6,0.2
8,2026-04-26,56.0,47.8,0.22
8,2026-04-27,44.2,53.3,0.02
8,2026-04-28,48.0,50.8,-0.05
8,2026-04-29,46.4,48.5,-0.18
8,2026-04-30,48.3,50.3,-0.06
8,2026-05-01,50.0,43.2,-0.12
8,2026-05-02,43.3,46.5,-0.12
8,2026-05-03,49.3,58.5,-0.28
8,2026-05-04,53.0,48.8,-0.1
8,2026-05-05,45.4,42.0,-0.04
8,2026-05-06,49.4,53.0,0.05
8,2026-05-07,70.8,44.4,0.2
8,2026-05-08,51.4,47.3,0.23
8,2026-05-09,48.1,45.5,-0.58
8,2026-05-10,64.9,55.5,0.12
8,2026-05-11,51.6,57.5,0.03
8,2026-05-12,50.1,55.6,-0.01
8,2026-05-13,42.3,40.0,-0.37
8,2026-05-14,58.8,49.4,-0.43
8,2026-05-15,45.7,48.8,0.09
8,2026-05-16,65.6,59.3,0.55
8,2026-05-17,51.1,40.7,0.22
8,2026-05-18,50.8,45.6,-0.15
8,2026-05-19,46.5,53.3,-0.11
8,2026-05-20,44.6,52.2,0.3
8,2026-05-21,48.8,51.6,-0.21
9,2026-02-21,45.2,58.4,0.1
9,2026-02-22,50.8,56.4,0.09
9,2026-02-23,45.5,57.2,-0.52
9,2026-02-24,48.9,59.0,-0.01
9,2026-02-25,46.5,51.5,0.07
9,2026-02-26,51.7,62.8,-0.05
9,2026-02-27,33.8,52.3,-0.13
9,2026-02-28,62.8,51.7,-0.28
9,2026-03-01,58.5,55.8,0.13
9,2026-03-02,77.7,54.9,-0.13
9,2026-03-03,51.2,56.1,-0.01
9,2026-03-04,50.3,55.8,-0.22
9,2026-03-05,50.4,48.9,-0.11
9,2026-03-06,62.1,56.2,-0.11
9,2026-03-07,58.1,63.7,-0.04
9,2026-03-08,58.1,62.1,0.03
9,2026-03-09,49.1,54.1,0.02
9,2026-03-10,55.2,57.9,-0.37
9,2026-03-11,59.6,52.1,-0.22
9,2026-03-12,60.2,59.3,0.26
9,2026-03-13,49.3,53.1,-0.41
9,2026-03-14,50.8,51.9,-0.29
9,2026-03-15,55.9,48.5,0.02
9,2026-03-16,29.7,64.6,-0.09
9,2026-03-17,57.0,61.8,-0.24
9,2026-03-18,65.9,52.8,0.15
9,2026-03-19,48.0,51.0,-0.13
9,2026-03-20,46.4,55.2,0.43
9,2026-03-21,40.4,53.7,-0.34
9,2026-03-22,67.8,54.6,-0.25
9,2026-03-23,59.7,49.7,0.14
9,2026-03-24,55.3,63.5,0.2
9,2026-03-25,42.4,49.1,-0.03
9,2026-03-26,54.6,48.7,-0.02
9,2026-03-27,64.6,56.8,0.02
9,2026-03-28,52.6,45.1,0.15
9,2026-03-29,40.7,49.5,-0.1
9,2026-03-30,64.3,46.6,0.16
9,2026-03-31,61.7,51.3,-0.02
9,2026-04-01,63.5,59.4,-0.13
9,2026-04-02,43.6,40.0,-0.11
9,2026-04-03,58.1,56.0,0.12
9,2026-04-04,41.2,51.6,0.05
9,2026-04-05,57.5,53.4,-0.13
9,2026-04-06,54.5,48.6,0.01
9,2026-04-07,57.5,52.8,-0.18
9,2026-04-08,58.7,54.2,-0.15
9,2026-04-09,56.0,42.5,0.29
9,2026-04-10,57.5,59.3,-0.34
9,2026-04-11,49.6,48.0,-0.45
9,2026-04-12,50.7,54.3,-0.3
9,2026-04-13,48.8,47.2,-0.07
9,2026-04-14,44.0,54.8,0.44
9,2026-04-15,54.8,54.9,-0.06
9,2026-04-16,56.3,56.6,-0.32
9,2026-04-17,66.6,63.1,0.09
9,2026-04-18,60.2,55.8,0.06
9,2026-04-19,53.1,51.9,0.29
9,2026-04-20,50.5,54.6,-0.01
9,2026-04-21,63.4,56.3,-0.44
9,2026-04-22,54.2,55.0,-0.22
9,2026-04-23,63.9,59.6,-0.12
9,2026-04-24,66.5,58.2,-0.18
9,2026-04-25,57.5,55.1,-0.29
9,2026-04-26,58.2,43.5,-0.29
9,2026-04-27,50.1,60.3,-0.12
9,2026-04-28,53.7,49.0,0.26
9,2026-04-29,66.7,50.8,-0.13
9,2026-04-30,46.1,56.4,0.39
9,2026-05-01,64.4,52.2,-0.01
9,2026-05-02,57.6,52.2,-0.43
9,2026-05-03,57.7,54.9,-0.07
9,2026-05-04,47.9,52.9,0.3
9,2026-05-05,53.5,49.0,-0.18
9,2026-05-06,41.5,49.4,0.17
9,2026-05-07,50.0,40.0,-0.09
9,2026-05-08,60.1,40.6,0.06
9,2026-05-09,47.2,49.3,0.11
9,2026-05-10,49.9,45.6,0.42
9,2026-05-11,46.5,51.8,-0.1
9,2026-05-12,59.2,46.6,0.13
9,2026-05-13,53.3,47.2,-0.19
9,2026-05-14,61.0,46.5,0.13
9,2026-05-15,62.5,46.7,-0.08
9,2026-05-16,65.5,46.4,-0.09
9,2026-05-17,54.3,56.6,0.46
9,2026-05-18,50.8,42.9,-0.33
9,2026-05-19,68.2,55.6,-0.47
9,2026-05-20,53.0,54.7,1.42
9,2026-05-21,57.9,55.3,-0.18
10,2026-02-21,66.9,49.0,0.42
10,2026-02-22,69.3,46.3,0.46
10,2026-02-23,50.5,58.4,-0.26
10,2026-02-24,64.0,50.8,0.18
10,2026-02-25,60.7,49.8,-0.21
10,2026-02-26,67.5,53.7,0.13
10,2026-02-27,51.3,64.3,-0.32
10,2026-02-28,60.2,55.8,0.02
10,2026-03-01,60.2,59.3,0.0
10,2026-03-02,76.0,55.6,-0.2
10,2026-03-03,57.7,58.4,0.11
10,2026-03-04,53.8,64.0,0.06
10,2026-03-05,63.5,59.8,0.09
10,2026-03-06,60.1,57.7,-0.28
10,2026-03-07,57.4,54.7,-0.23
10,2026-03-08,67.3,44.5,0.18
10,2026-03-09,57.8,57.6,-0.05
10,2026-03-10,45.1,52.4,1.04
10,2026-03-11,50.1,50.5,0.01
10,2026-03-12,57.1,54.7,0.14
10,2026-03-13,60.0,50.0,0.35
10,2026-03-14,48.2,52.5,-0.05
10,2026-03-15,59.1,55.5,0.27
10,2026-03-16,57.0,60.5,0.08
10,2026-03-17,53.7,45.9,0.3
10,2026-03-18,67.4,55.8,-0.23
10,2026-03-19,71.6,57.5,0.26
10,2026-03-20,65.2,62.8,-0.0
10,2026-03-21,56.3,45.3,0.26
10,2026-03-22,62.0,53.7,-0.25
10,2026-03-23,50.6,54.3,0.3
10,2026-03-24,75.6,59.4,0.12
10,2026-03-25,73.5,53.7,-0.21
10,2026-03-26,52.2,61.7,0.14
10,2026-03-27,56.1,64.6,0.15
10,2026-03-28,45.3,57.3,0.5900000000000001
10,2026-03-29,52.6,59.8,-0.24
10,2026-03-30,68.2,42.4,-0.29
10,2026-03-31,56.2,51.9,0.11
10,2026-04-01,60.5,52.7,-0.12
10,2026-04-02,63.2,48.7,-0.29
10,2026-04-03,48.2,52.5,0.24
10,2026-04-04,55.1,63.3,-0.13
10,2026-04-05,61.3,54.3,0.13
10,2026-04-06,56.5,47.4,0.36
10,2026-04-07,72.8,49.2,-0.09
10,2026-04-08,63.7,49.7,0.54
10,2026-04-09,68.5,44.1,0.23
10,2026-04-10,54.5,53.7,0.22
10,2026-04-11,61.2,49.4,-0.11
10,2026-04-12,74.1,46.3,0.13
10,2026-04-13,67.7,53.0,-0.21
10,2026-04-14,63.8,56.0,0.05
10,2026-04-15,59.7,55.9,-0.2
10,2026-04-16,63.5,40.4,0.17
10,2026-04-17,61.3,59.9,-0.02
10,2026-04-18,55.8,51.0,0.5
10,2026-04-19,54.7,53.6,-0.15
10,2026-04-20,48.5,50.3,-0.15
10,2026-04-21,60.0,54.5,0.3
10,2026-04-22,62.4,59.8,0.11
10,2026-04-23,68.4,45.2,0.44
10,2026-04-24,76.6,57.3,0.14
10,2026-04-25,51.8,59.8,0.14
10,2026-04-26,65.6,47.0,-0.03
10,2026-04-27,52.2,50.1,-0.14
10,2026-04-28,59.9,49.9,-0.73
10,2026-04-29,75.2,51.7,0.05
10,2026-04-30,72.8,62.1,0.04
10,2026-05-01,68.1,63.1,0.15
10,2026-05-02,57.8,51.4,-0.02
10,2026-05-03,60.4,44.3,0.03
10,2026-05-04,64.9,41.9,0.29
10,2026-05-05,60.2,40.0,0.5900000000000001
10,2026-05-06,61.9,54.9,-0.23
10,2026-05-07,69.1,50.7,-0.05
10,2026-05-08,65.5,57.5,-0.35
10,2026-05-09,79.7,51.4,-0.09
10,2026-05-10,64.7,50.5,-0.12
10,2026-05-11,62.4,53.9,-0.02
10,2026-05-12,57.1,57.6,-0.14
10,2026-05-13,72.5,54.3,0.12
10,2026-05-14,62.5,50.3,-0.06
10,2026-05-15,53.9,54.6,-0.62
10,2026-05-16,64.2,47.9,-0.25
10,2026-05-17,59.5,49.1,-0.29
10,2026-05-18,40.1,49.4,0.29
10,2026-05-19,49.4,51.5,-0.31
10,2026-05-20,51.8,53.6,0.3
10,2026-05-21,57.2,56.3,-0.27
11,2026-02-21,45.0,76.3,-0.1
11,2026-02-22,41.5,63.7,0.63
11,2026-02-23,38.0,60.2,1.12
11,2026-02-24,38.6,56.2,-0.02
11,2026-02-25,25.9,68.7,0.24
11,2026-02-26,48.3,67.1,0.05
11,2026-02-27,44.9,69.3,0.08
11,2026-02-28,49.8,58.0,-0.2
11,2026-03-01,39.7,55.0,0.53
11,2026-03-02,58.2,57.0,0.05
11,2026-03-03,48.7,53.6,-0.17
11,2026-03-04,38.8,69.3,0.3
11,2026-03-05,71.1,52.4,0.31
11,2026-03-06,59.5,65.1,-0.09
11,2026-03-07,51.5,59.8,-0.21
11,2026-03-08,40.9,61.2,0.29
11,2026-03-09,53.0,56.4,-0.19
11,2026-03-10,59.0,64.4,0.05
11,2026-03-11,55.2,65.5,-0.25
11,2026-03-12,45.4,64.2,0.41
11,2026-03-13,28.5,61.3,0.47
11,2026-03-14,38.9,57.9,-0.35
11,2026-03-15,54.3,57.1,-0.06
11,2026-03-16,52.8,51.8,-0.29
11,2026-03-17,38.5,60.6,-0.2
11,2026-03-18,37.3,58.5,0.18
11,2026-03-19,52.6,64.1,0.11
11,2026-03-20,40.3,53.9,0.31
11,2026-03-21,50.2,74.0,-0.09
11,2026-03-22,41.3,59.9,0.09
11,2026-03-23,53.0,64.2,-0.04
11,2026-03-24,52.1,63.0,-0.18
11,2026-03-25,37.3,65.5,-0.02
11,2026-03-26,49.5,59.3,0.45
11,2026-03-27,37.6,58.1,0.04
11,2026-03-28,61.1,61.0,0.45
11,2026-03-29,61.6,59.5,0.13
11,2026-03-30,54.3,63.2,0.23
11,2026-03-31,57.6,58.5,-0.14
11,2026-04-01,52.3,60.8,0.05
11,2026-04-02,39.8,55.3,-0.04
11,2026-04-03,44.3,54.1,0.76
11,2026-04-04,48.4,61.6,-0.34
11,2026-04-05,36.5,66.3,-0.04
11,2026-04-06,34.7,60.3,0.05
11,2026-04-07,43.5,50.3,-0.45
11,2026-04-08,54.3,57.2,-0.25
11,2026-04-09,67.5,65.2,-0.21
11,2026-04-10,58.2,50.0,-0.0
11,2026-04-11,49.5,57.3,-0.04
11,2026-04-12,35.2,57.5,0.12
11,2026-04-13,53.1,61.9,0.04
11,2026-04-14,49.7,53.7,-0.31
11,2026-04-15,34.5,56.4,0.08
11,2026-04-16,48.4,57.1,-0.14
11,2026-04-17,60.4,60.4,0.51
11,2026-04-18,47.4,68.8,-0.0
11,2026-04-19,52.5,54.9,0.21
11,2026-04-20,49.5,56.3,-0.36
11,2026-04-21,37.8,65.7,0.53
11,2026-04-22,41.8,55.1,-0.44
11,2026-04-23,54.4,65.1,-0.08
11,2026-04-24,29.0,59.0,-0.04
11,2026-04-25,46.5,54.0,-0.12
11,2026-04-26,52.9,54.2,0.05
11,2026-04-27,59.9,58.2,0.06
11,2026-04-28,49.9,57.5,-0.04
11,2026-04-29,52.0,54.3,-0.37
11,2026-04-30,37.7,60.3,-0.22
11,2026-05-01,55.1,68.0,0.0
11,2026-05-02,40.0,61.8,-0.21
11,2026-05-03,51.0,56.2,-0.02
11,2026-05-04,43.2,58.5,-0.1
11,2026-05-05,38.2,61.6,-0.14
11,2026-05-06,49.7,60.3,-0.17
11,2026-05-07,61.9,56.8,-0.08
11,2026-05-08,62.0,62.0,-0.05
11,2026-05-09,44.9,50.6,0.33
11,2026-05-10,62.6,61.3,-0.24
11,2026-05-11,44.2,54.3,-0.26
11,2026-05-12,66.4,63.9,0.27
11,2026-05-13,45.7,67.4,-0.04
11,2026-05-14,63.4,52.2,-0.09
11,2026-05-15,48.9,55.2,-0.35
11,2026-05-16,45.9,54.1,-0.0
11,2026-05-17,48.3,61.6,-0.05
11,2026-05-18,50.7,68.7,0.03
11,2026-05-19,60.5,55.9,-0.11
11,2026-05-20,39.6,49.8,-0.18
11,2026-05-21,62.5,62.4,0.38
12,2026-02-21,41.9,60.7,-0.46
12,2026-02-22,30.0,56.1,-0.72
12,2026-02-23,37.4,64.6,0.17
12,2026-02-24,44.8,66.4,-0.05
12,2026-02-25,52.9,63.7,0.11
12,2026-02-26,42.8,58.7,-0.14
12,2026-02-27,55.2,57.5,0.33
12,2026-02-28,25.0,61.2,0.41
12,2026-03-01,49.2,54.3,-0.37
12,2026-03-02,35.3,54.0,-0.65
12,2026-03-03,57.8,60.6,-0.09
12,2026-03-04,23.1,63.8,-0.3
12,2026-03-05,27.5,60.2,0.17
12,2026-03-06,54.6,48.0,0.22
12,2026-03-07,35.8,54.5,0.09
12,2026-03-08,51.7,66.1,-0.02
12,2026-03-09,41.8,61.6,-0.07
12,2026-03-10,26.7,60.9,0.46
12,2026-03-11,33.7,55.3,-0.02
12,2026-03-12,37.1,61.4,0.22
12,2026-03-13,40.0,63.5,-0.15
12,2026-03-14,43.2,73.8,0.31
12,2026-03-15,35.6,52.3,0.09
12,2026-03-16,37.5,59.3,0.03
12,2026-03-17,45.4,52.5,0.34
12,2026-03-18,56.1,46.4,0.09
12,2026-03-19,45.3,55.4,0.48
12,2026-03-20,32.0,61.4,-0.43
12,2026-03-21,20.0,58.8,-0.52
12,2026-03-22,36.6,58.8,-0.07
12,2026-03-23,28.2,58.4,0.0
12,2026-03-24,44.6,58.0,-0.4
12,2026-03-25,35.1,62.3,0.01
12,2026-03-26,25.9,59.2,-0.17
12,2026-03-27,39.2,55.0,-0.12
12,2026-03-28,47.0,58.1,-0.14
12,2026-03-29,21.6,63.1,-0.17
12,2026-03-30,33.9,59.7,-0.08
12,2026-03-31,56.1,63.1,0.22
12,2026-04-01,26.0,68.0,-0.03
12,2026-04-02,45.4,56.9,-0.01
12,2026-04-03,33.4,63.8,0.55
12,2026-04-04,49.6,55.7,0.18
12,2026-04-05,68.5,66.4,-0.41
12,2026-04-06,42.0,59.3,-0.25
12,2026-04-07,42.4,55.1,0.36
12,2026-04-08,47.9,59.7,-0.24
12,2026-04-09,43.6,62.6,0.28
12,2026-04-10,46.2,53.8,-0.38
12,2026-04-11,39.1,57.4,-0.06
12,2026-04-12,36.7,56.1,0.16
12,2026-04-13,30.6,55.7,0.01
12,2026-04-14,53.7,56.5,0.21
12,2026-04-15,41.5,56.7,0.04
12,2026-04-16,29.7,66.3,-0.03
12,2026-04-17,42.9,63.9,0.19
12,2026-04-18,46.7,54.2,-0.03
12,2026-04-19,41.5,51.8,-0.27
12,2026-04-20,51.3,63.0,-0.02
12,2026-04-21,43.3,63.9,-0.05
12,2026-04-22,52.4,52.9,0.39
12,2026-04-23,25.6,52.5,0.19
12,2026-04-24,38.5,46.2,-0.11
12,2026-04-25,30.6,58.2,-0.16
12,2026-04-26,44.1,50.9,-0.22
12,2026-04-27,47.6,58.2,0.2899999999999999
12,2026-04-28,38.3,58.0,0.04
12,2026-04-29,40.7,62.7,0.0
12,2026-04-30,54.5,59.5,-0.03
12,2026-05-01,52.2,59.6,-0.02
12,2026-05-02,33.6,57.0,-0.55
12,2026-05-03,54.5,60.4,-0.12
12,2026-05-04,20.0,57.9,0.29
12,2026-05-05,40.4,55.4,-0.06
12,2026-05-06,39.8,66.2,-0.15
12,2026-05-07,36.5,56.0,0.12
12,2026-05-08,28.1,56.7,-0.02
12,2026-05-09,51.2,58.7,-0.13
12,2026-05-10,34.4,50.3,0.7
12,2026-05-11,57.9,56.0,0.23
12,2026-05-12,20.0,53.9,0.27
12,2026-05-13,25.9,56.9,0.14
12,2026-05-14,44.1,50.3,-0.25
12,2026-05-15,32.0,52.0,0.04
12,2026-05-16,46.6,40.0,-0.21
12,2026-05-17,30.5,55.8,0.11
12,2026-05-18,39.2,60.1,0.46
12,2026-05-19,37.0,68.6,0.57
12,2026-05-20,41.8,63.7,-0.34
12,2026-05-21,47.1,57.5,0.48
13,2026-02-21,32.6,65.7,-0.39
13,2026-02-22,27.0,62.2,0.38
13,2026-02-23,20.0,68.0,-0.15
13,2026-02-24,38.9,52.3,0.93
13,2026-02-25,20.0,66.1,0.02
13,2026-02-26,43.6,63.8,-0.27
13,2026-02-27,55.2,66.2,-0.19
13,2026-02-28,36.6,68.5,-0.07
13,2026-03-01,31.5,55.0,-0.47
13,2026-03-02,30.1,55.7,0.23
13,2026-03-03,23.3,55.0,-0.02
13,2026-03-04,20.0,58.7,-0.24
13,2026-03-05,25.9,49.6,0.07
13,2026-03-06,39.6,69.2,0.24
13,2026-03-07,41.8,58.6,0.04
13,2026-03-08,32.6,65.3,-0.11
13,2026-03-09,34.9,69.4,-0.11
13,2026-03-10,35.9,69.4,-0.38
13,2026-03-11,35.5,58.0,-0.19
13,2026-03-12,32.6,56.2,0.18
13,2026-03-13,42.3,61.6,-0.28
13,2026-03-14,30.5,65.0,0.1
13,2026-03-15,53.4,55.7,-0.1
13,2026-03-16,34.8,61.8,-0.03
13,2026-03-17,50.0,66.5,0.23
13,2026-03-18,33.7,72.1,-0.1
13,2026-03-19,50.4,71.5,0.11
13,2026-03-20,55.2,49.4,-0.08
13,2026-03-21,41.4,67.5,0.08
13,2026-03-22,62.5,61.4,-0.4
13,2026-03-23,36.9,53.6,-0.29
13,2026-03-24,31.3,64.1,0.18
13,2026-03-25,46.3,65.1,-0.1
13,2026-03-26,42.7,63.3,0.3
13,2026-03-27,57.0,46.6,0.02
13,2026-03-28,36.7,51.1,-0.14
13,2026-03-29,44.0,56.9,-0.13
13,2026-03-30,41.3,47.2,0.51
13,2026-03-31,48.9,63.6,0.11
13,2026-04-01,51.1,57.8,-0.1
13,2026-04-02,45.8,60.5,0.28
13,2026-04-03,43.8,63.3,-0.13
13,2026-04-04,22.2,68.6,1.04
13,2026-04-05,38.5,65.8,0.13
13,2026-04-06,42.1,67.7,-0.22
13,2026-04-07,43.7,57.9,-0.02
13,2026-04-08,45.7,66.4,-0.17
13,2026-04-09,39.7,65.8,-0.01
13,2026-04-10,43.0,49.4,-0.09
13,2026-04-11,20.0,67.8,0.32
13,2026-04-12,31.4,54.2,0.09
13,2026-04-13,29.0,67.0,0.07
13,2026-04-14,22.7,47.6,0.06
13,2026-04-15,34.9,58.1,-0.38
13,2026-04-16,37.1,63.9,-0.34
13,2026-04-17,42.8,59.6,0.29
13,2026-04-18,31.8,61.4,0.12
13,2026-04-19,55.6,57.8,-0.12
13,2026-04-20,49.2,62.5,0.32
13,2026-04-21,43.6,67.3,-0.43
13,2026-04-22,52.6,71.8,0.21
13,2026-04-23,52.4,55.4,-0.09
13,2026-04-24,49.3,63.1,0.03
13,2026-04-25,44.7,71.8,0.31
13,2026-04-26,49.3,63.6,-0.12
13,2026-04-27,45.5,61.7,-0.02
13,2026-04-28,29.0,62.2,-0.21
13,2026-04-29,46.5,65.6,-0.0
13,2026-04-30,45.2,57.0,0.22
13,2026-05-01,41.1,53.0,0.17
13,2026-05-02,49.6,70.4,-0.2
13,2026-05-03,51.9,61.7,-0.01
13,2026-05-04,28.6,52.2,-0.4
13,2026-05-05,45.3,63.2,-0.07
13,2026-05-06,48.1,61.8,0.16
13,2026-05-07,40.5,54.6,-0.15
13,2026-05-08,39.5,54.7,-0.1
13,2026-05-09,44.8,53.3,0.14
13,2026-05-10,36.5,66.5,0.12
13,2026-05-11,59.1,66.3,0.37
13,2026-05-12,40.9,56.7,0.04
13,2026-05-13,50.9,66.5,0.3
13,2026-05-14,48.9,56.1,0.05
13,2026-05-15,38.5,69.1,-0.34
13,2026-05-16,23.3,56.3,0.09
13,2026-05-17,47.4,59.1,-0.06
13,2026-05-18,44.7,64.8,0.9199999999999999
13,2026-05-19,32.0,53.7,0.09
13,2026-05-20,48.7,52.4,0.41
13,2026-05-21,25.6,64.5,-0.14
14,2026-02-21,44.5,58.8,0.0
14,2026-02-22,50.9,54.7,-0.07
14,2026-02-23,34.8,65.2,-0.06
14,2026-02-24,35.7,51.2,0.46
14,2026-02-25,39.0,57.1,0.18
14,2026-02-26,43.8,57.0,0.3
14,2026-02-27,34.8,61.4,0.34
14,2026-02-28,28.7,61.4,-0.54
14,2026-03-01,56.0,57.4,0.34
14,2026-03-02,36.4,56.7,0.23
14,2026-03-03,31.0,69.0,-0.18
14,2026-03-04,35.9,58.3,-0.5
14,2026-03-05,34.0,64.1,0.27999999999999997
14,2026-03-06,46.8,50.8,0.57
14,2026-03-07,42.6,57.2,-0.11
14,2026-03-08,60.0,61.8,-0.14
14,2026-03-09,33.1,53.4,0.27
14,2026-03-10,47.1,61.3,-0.1
14,2026-03-11,36.1,40.2,0.13
14,2026-03-12,30.7,57.6,0.04
14,2026-03-13,51.1,58.4,-0.06
14,2026-03-14,56.9,56.2,0.66
14,2026-03-15,26.8,56.2,-0.06
14,2026-03-16,46.3,70.8,0.14
14,2026-03-17,39.9,51.9,0.06
14,2026-03-18,35.1,53.3,0.17
14,2026-03-19,50.3,56.5,-0.16
14,2026-03-20,59.8,50.0,0.24
14,2026-03-21,48.0,51.0,0.21
14,2026-03-22,33.6,63.5,0.39
14,2026-03-23,38.0,53.8,0.37
14,2026-03-24,36.3,53.2,-0.19
14,2026-03-25,28.9,54.3,-0.02
14,2026-03-26,45.8,55.4,0.07
14,2026-03-27,48.5,64.8,0.03
14,2026-03-28,38.7,64.8,-0.16
14,2026-03-29,49.2,56.3,0.35
14,2026-03-30,35.7,60.0,0.14
14,2026-03-31,47.6,59.2,0.02
14,2026-04-01,43.2,57.8,-0.29
14,2026-04-02,43.2,57.6,1.08
14,2026-04-03,48.8,56.4,-0.79
14,2026-04-04,44.0,68.9,-0.02
14,2026-04-05,59.6,50.6,0.12
14,2026-04-06,29.9,59.0,0.01
14,2026-04-07,49.3,48.6,0.18
14,2026-04-08,20.0,57.5,-0.14
14,2026-04-09,47.7,51.5,0.02
14,2026-04-10,49.7,54.5,0.1
14,2026-04-11,37.3,47.7,0.32
14,2026-04-12,50.6,49.0,0.2
14,2026-04-13,31.3,50.6,0.06
14,2026-04-14,49.0,51.5,-0.1
14,2026-04-15,46.7,60.4,0.0
14,2026-04-16,54.9,54.5,-0.82
14,2026-04-17,35.9,58.1,0.07
14,2026-04-18,43.1,43.9,-0.38
14,2026-04-19,48.4,43.9,-0.04
14,2026-04-20,32.4,53.2,-0.47
14,2026-04-21,40.4,59.2,-0.49
14,2026-04-22,36.8,44.0,-0.02
14,2026-04-23,48.1,54.7,-0.4
14,2026-04-24,51.0,50.6,-0.01
14,2026-04-25,41.0,60.7,-0.48
14,2026-04-26,40.9,58.6,-0.09
14,2026-04-27,50.1,59.9,-0.07
14,2026-04-28,44.2,48.1,0.17
14,2026-04-29,42.5,61.6,-0.26
14,2026-04-30,40.8,56.9,0.01
14,2026-05-01,59.5,53.2,-0.19
14,2026-05-02,47.1,65.6,-0.05
14,2026-05-03,35.8,62.9,0.13
14,2026-05-04,33.6,54.2,0.07
14,2026-05-05,48.6,40.1,0.64
14,2026-05-06,45.9,59.5,-0.16
14,2026-05-07,45.4,61.0,0.24
14,2026-05-08,42.1,57.4,-0.26
14,2026-05-09,36.6,55.3,-0.42
14,2026-05-10,39.5,56.6,0.01
14,2026-05-11,54.5,48.2,0.06
14,2026-05-12,53.6,45.5,-0.08
14,2026-05-13,42.6,51.5,0.24
14,2026-05-14,49.5,50.8,0.3
14,2026-05-15,51.1,50.4,0.12
14,2026-05-16,40.8,58.5,0.05
14,2026-05-17,40.9,56.8,0.16
14,2026-05-18,32.0,45.3,-0.0
14,2026-05-19,38.6,45.2,-0.28
14,2026-05-20,40.9,57.6,-0.34
14,2026-05-21,30.7,59.2,0.23
15,2026-02-21,32.8,61.3,0.33
15,2026-02-22,23.2,51.8,0.05
15,2026-02-23,43.0,65.4,0.22
15,2026-02-24,45.5,69.3,0.08
15,2026-02-25,30.5,61.5,0.16
15,2026-02-26,50.7,51.5,-0.04
15,2026-02-27,41.4,57.8,0.54
15,2026-02-28,50.9,56.5,0.14
15,2026-03-01,40.2,60.3,0.1
15,2026-03-02,39.1,65.0,-0.35
15,2026-03-03,64.1,66.3,-0.31
15,2026-03-04,50.0,56.8,0.11
15,2026-03-05,57.4,61.2,-0.23
15,2026-03-06,48.9,57.8,0.27
15,2026-03-07,30.9,58.1,0.13
15,2026-03-08,41.0,55.0,-0.06
15,2026-03-09,49.6,54.8,-0.18
15,2026-03-10,20.0,52.8,-0.52
15,2026-03-11,46.7,45.4,-0.13
15,2026-03-12,53.8,51.6,0.22
15,2026-03-13,37.3,60.5,1.35
15,2026-03-14,52.2,76.8,0.16
15,2026-03-15,41.3,62.1,-0.16
15,2026-03-16,39.0,60.6,0.45
15,2026-03-17,50.6,53.6,-0.11
15,2026-03-18,38.1,52.7,-0.21
15,2026-03-19,53.1,61.5,-0.18
15,2026-03-20,41.2,58.9,0.07
15,2026-03-21,42.8,57.1,0.02
15,2026-03-22,37.6,58.7,0.12
15,2026-03-23,41.3,60.8,-0.01
15,2026-03-24,35.4,43.6,-0.42
15,2026-03-25,32.5,55.7,0.32
15,2026-03-26,43.0,61.4,-0.05
15,2026-03-27,42.7,61.5,0.78
15,2026-03-28,66.9,71.4,-0.17
15,2026-03-29,34.2,64.0,-0.21
15,2026-03-30,41.3,63.2,0.27
15,2026-03-31,42.9,47.4,-0.17
15,2026-04-01,24.0,62.5,0.09
15,2026-04-02,39.8,62.5,0.03
15,2026-04-03,23.3,57.2,-0.11
15,2026-04-04,30.5,55.4,-0.48
15,2026-04-05,30.7,58.2,0.4
15,2026-04-06,33.3,57.6,-0.11
15,2026-04-07,27.0,61.6,-0.39
15,2026-04-08,58.7,58.4,0.44
15,2026-04-09,63.9,58.4,-0.27
15,2026-04-10,44.2,55.3,0.12
15,2026-04-11,43.8,58.3,-0.18
15,2026-04-12,49.7,56.1,0.11
15,2026-04-13,28.4,57.0,-0.09
15,2026-04-14,46.6,58.5,0.2
15,2026-04-15,37.5,53.1,0.02
15,2026-04-16,50.6,64.8,0.12
15,2026-04-17,54.2,60.0,0.05
15,2026-04-18,44.4,51.4,0.06
15,2026-04-19,33.7,57.3,-0.35
15,2026-04-20,28.4,46.1,0.19
15,2026-04-21,59.2,49.2,-0.11
15,2026-04-22,40.5,51.8,-0.16
15,2026-04-23,49.9,55.8,-0.0
15,2026-04-24,49.7,61.4,-0.08
15,2026-04-25,45.3,59.7,0.11
15,2026-04-26,49.7,54.6,-0.11
15,2026-04-27,35.4,53.8,0.13
15,2026-04-28,39.7,63.6,0.05
15,2026-04-29,56.0,56.4,-0.05
15,2026-04-30,43.0,63.1,-0.31
15,2026-05-01,48.3,51.9,-0.0
15,2026-05-02,32.4,57.1,-0.48
15,2026-05-03,37.4,56.5,0.0
15,2026-05-04,32.4,65.4,-0.25
15,2026-05-05,38.7,54.5,-0.25
15,2026-05-06,20.1,63.5,0.8500000000000001
15,2026-05-07,24.3,59.7,0.06
15,2026-05-08,54.7,45.2,-0.09
15,2026-05-09,46.5,52.0,-0.61
15,2026-05-10,49.9,53.3,-0.46
15,2026-05-11,37.1,59.4,0.16
15,2026-05-12,41.1,53.7,0.04
15,2026-05-13,52.2,46.5,0.31
15,2026-05-14,34.3,57.1,0.03
15,2026-05-15,33.8,61.2,-0.1
15,2026-05-16,47.5,53.6,-0.13
15,2026-05-17,32.6,53.1,0.08
15,2026-05-18,71.0,50.1,-0.11
15,2026-05-19,48.8,59.7,0.46
15,2026-05-20,34.2,54.9,0.08
15,2026-05-21,65.4,60.5,-0.07
