session_id,user_id,date,duration_h,deep_sleep_h,rem_sleep_h,light_sleep_h,awake_h,bedtime_hour,sleep_score
1,1,2026-02-21,7.73,1.29,1.93,3.95,0.57,23.8,79
2,1,2026-02-22,7.95,1.46,1.32,4.57,0.61,23.3,75
3,1,2026-02-23,7.32,1.29,1.47,4.33,0.22,22.3,73
4,1,2026-02-24,7.59,1.52,1.58,4.28,0.21,0.6,80
5,1,2026-02-25,8.59,1.54,2.05,4.41,0.59,24.0,87
6,1,2026-02-26,7.78,1.93,1.7,3.9,0.26,23.6,88
7,1,2026-02-27,8.55,2.36,1.51,4.04,0.63,22.7,89
8,1,2026-02-28,8.35,1.32,1.48,5.18,0.37,23.1,76
9,1,2026-03-01,7.93,1.89,2.25,3.22,0.57,0.3,95
10,1,2026-03-02,8.29,1.43,2.39,4.07,0.4,23.7,90
11,1,2026-03-03,8.39,1.64,1.26,5.14,0.35,0.1,75
12,1,2026-03-04,7.9,1.63,2.05,3.64,0.58,23.2,86
13,1,2026-03-05,7.78,1.46,2.01,3.75,0.55,22.8,83
14,1,2026-03-06,8.31,1.55,1.53,4.85,0.37,22.2,75
15,1,2026-03-07,7.97,1.97,1.62,3.87,0.51,22.5,88
16,1,2026-03-08,7.84,1.23,1.72,4.45,0.44,23.4,77
17,1,2026-03-09,7.96,1.27,2.11,4.06,0.51,23.2,79
18,1,2026-03-10,8.25,1.68,2.08,3.92,0.57,21.6,91
19,1,2026-03-11,8.04,1.72,2.06,3.59,0.67,22.4,91
20,1,2026-03-12,7.73,1.45,1.52,4.35,0.41,23.6,78
21,1,2026-03-13,7.61,1.71,1.28,4.24,0.37,22.7,81
22,1,2026-03-14,8.73,1.66,1.19,5.7,0.17,23.0,79
23,1,2026-03-15,8.56,1.97,2.14,3.74,0.71,22.6,94
24,1,2026-03-16,8.39,1.28,1.6,5.31,0.2,22.8,76
25,1,2026-03-17,8.22,1.82,2.01,4.04,0.34,22.8,90
26,1,2026-03-18,7.27,1.79,1.59,3.52,0.37,0.3,83
27,1,2026-03-19,7.72,1.47,1.57,4.23,0.45,23.3,84
28,1,2026-03-20,8.52,2.47,1.25,4.18,0.61,22.6,92
29,1,2026-03-21,7.9,1.56,1.61,4.0,0.74,23.7,82
30,1,2026-03-22,8.36,2.21,1.56,4.31,0.28,21.3,93
31,1,2026-03-23,7.62,1.58,1.77,3.79,0.48,21.9,82
32,1,2026-03-24,8.58,1.9,2.3,4.19,0.19,23.2,94
33,1,2026-03-25,7.55,1.52,1.95,3.62,0.47,22.3,87
34,1,2026-03-26,8.13,1.34,2.29,4.04,0.45,23.9,86
35,1,2026-03-27,7.65,1.4,1.49,4.16,0.59,22.4,77
36,1,2026-03-28,8.51,1.73,1.36,5.0,0.41,22.1,83
37,1,2026-03-29,7.92,1.29,2.08,4.09,0.46,22.9,81
38,1,2026-03-30,8.13,1.81,1.79,4.18,0.36,21.6,82
39,1,2026-03-31,7.48,1.32,1.69,4.08,0.4,23.6,76
40,1,2026-04-01,7.83,1.64,2.22,3.44,0.52,23.0,89
41,1,2026-04-02,7.84,1.52,1.59,4.35,0.39,23.6,81
42,1,2026-04-03,8.05,1.39,2.48,3.64,0.53,21.9,91
43,1,2026-04-04,7.75,1.6,2.3,3.56,0.29,23.8,85
44,1,2026-04-05,8.45,1.45,1.75,4.93,0.33,22.8,79
45,1,2026-04-06,7.9,1.73,2.13,3.68,0.36,21.4,87
46,1,2026-04-07,7.87,1.62,1.84,3.98,0.42,23.1,85
47,1,2026-04-08,8.82,1.93,1.92,4.52,0.44,22.9,87
48,1,2026-04-09,8.97,1.86,2.13,4.53,0.45,23.9,91
49,1,2026-04-10,8.76,1.8,1.95,4.48,0.53,21.1,80
50,1,2026-04-11,8.41,1.77,2.09,4.16,0.38,22.7,88
51,1,2026-04-12,7.8,1.83,1.68,3.49,0.79,23.3,85
52,1,2026-04-13,7.1,1.32,1.36,4.29,0.14,0.3,71
53,1,2026-04-14,8.47,1.92,2.05,4.22,0.27,22.6,93
54,1,2026-04-15,8.54,1.54,1.15,5.38,0.47,22.9,77
55,1,2026-04-16,8.2,1.91,2.15,3.6,0.53,24.0,93
56,1,2026-04-17,7.29,1.62,1.88,3.54,0.26,21.8,86
57,1,2026-04-18,7.95,1.61,2.2,3.76,0.38,22.3,92
58,1,2026-04-19,7.78,1.89,1.82,3.63,0.44,22.9,85
59,1,2026-04-20,8.33,1.37,2.23,4.21,0.54,22.9,77
60,1,2026-04-21,9.22,1.57,1.98,5.34,0.33,23.8,84
61,1,2026-04-22,8.81,2.22,2.44,3.65,0.49,22.7,96
62,1,2026-04-23,7.24,1.95,1.83,3.1,0.36,0.1,91
63,1,2026-04-24,7.72,1.76,1.8,3.59,0.56,22.9,89
64,1,2026-04-25,7.28,1.51,1.98,3.36,0.43,23.6,84
65,1,2026-04-26,7.44,1.5,1.51,3.87,0.56,23.0,78
66,1,2026-04-27,8.24,1.9,2.08,3.72,0.54,22.2,89
67,1,2026-04-28,7.96,1.48,1.71,4.36,0.42,22.2,79
68,1,2026-04-29,7.02,1.29,1.67,3.83,0.23,23.0,78
69,1,2026-04-30,8.98,2.13,2.67,3.58,0.61,23.9,98
70,1,2026-05-01,7.61,1.4,0.91,4.66,0.64,0.2,70
71,1,2026-05-02,7.51,1.38,1.42,4.2,0.51,23.9,73
72,1,2026-05-03,7.01,1.47,1.49,3.61,0.44,23.4,77
73,1,2026-05-04,7.81,1.53,1.69,3.97,0.62,23.3,83
74,1,2026-05-05,8.47,1.58,1.97,4.26,0.66,23.0,89
75,1,2026-05-06,8.5,2.27,2.38,3.32,0.53,22.6,99
76,1,2026-05-07,6.83,1.4,1.52,3.45,0.46,22.9,79
77,1,2026-05-08,8.1,1.34,1.66,4.53,0.56,0.4,83
78,1,2026-05-09,8.24,1.9,2.33,3.65,0.36,23.3,94
79,1,2026-05-10,7.66,1.78,1.82,3.56,0.51,22.4,87
80,1,2026-05-11,8.36,2.23,1.59,4.09,0.44,23.2,90
81,1,2026-05-12,8.55,1.68,1.06,5.06,0.75,23.6,81
82,1,2026-05-13,7.07,1.29,2.05,3.1,0.63,23.8,82
83,1,2026-05-14,8.07,1.74,1.88,3.79,0.67,22.3,85
84,1,2026-05-15,7.74,1.88,1.82,3.36,0.68,22.5,90
85,1,2026-05-16,8.03,1.45,1.88,4.47,0.24,22.6,85
86,1,2026-05-17,7.49,1.77,2.01,3.51,0.19,0.1,91
87,1,2026-05-18,8.96,1.7,1.7,4.52,1.04,21.9,81
88,1,2026-05-19,8.25,1.84,2.44,3.41,0.55,22.6,93
89,1,2026-05-20,7.59,1.5,1.47,4.16,0.46,22.5,79
90,1,2026-05-21,7.16,1.69,1.47,3.75,0.25,22.9,79
91,2,2026-02-21,8.11,1.26,2.0,4.52,0.32,0.4,80
92,2,2026-02-22,8.34,1.64,1.7,4.51,0.48,23.5,83
93,2,2026-02-23,7.74,1.42,1.7,4.24,0.37,22.7,76
94,2,2026-02-24,7.24,1.81,1.85,3.26,0.32,0.5,91
95,2,2026-02-25,8.1,1.43,2.16,3.96,0.55,23.3,85
96,2,2026-02-26,8.01,1.84,1.85,3.75,0.57,21.5,88
97,2,2026-02-27,7.84,2.03,1.58,3.85,0.38,22.6,84
98,2,2026-02-28,7.37,1.01,1.62,4.28,0.46,23.0,71
99,2,2026-03-01,7.92,1.63,2.14,3.71,0.45,22.5,85
100,2,2026-03-02,7.85,1.74,2.24,3.5,0.37,23.1,89
101,2,2026-03-03,7.94,1.28,1.74,4.67,0.24,21.6,75
102,2,2026-03-04,8.22,1.6,1.97,4.16,0.49,22.2,87
103,2,2026-03-05,8.08,1.4,2.35,4.07,0.27,22.8,88
104,2,2026-03-06,7.35,1.57,1.55,3.87,0.36,23.7,79
105,2,2026-03-07,7.97,1.73,1.5,4.48,0.25,23.1,81
106,2,2026-03-08,7.72,1.67,1.7,3.85,0.49,21.7,84
107,2,2026-03-09,8.81,1.69,2.22,4.53,0.38,23.2,87
108,2,2026-03-10,7.36,1.61,1.59,3.71,0.45,23.6,80
109,2,2026-03-11,7.38,1.36,1.83,3.44,0.75,22.9,82
110,2,2026-03-12,8.56,1.85,2.74,3.76,0.21,23.1,99
111,2,2026-03-13,7.73,1.23,2.08,3.93,0.49,22.8,87
112,2,2026-03-14,7.84,2.28,1.68,3.33,0.55,22.5,90
113,2,2026-03-15,8.09,1.57,1.7,4.04,0.78,23.9,79
114,2,2026-03-16,8.2,1.17,1.82,4.27,0.93,22.8,79
115,2,2026-03-17,8.84,2.34,2.24,3.88,0.38,21.1,100
116,2,2026-03-18,8.36,1.51,1.99,4.57,0.29,22.8,86
117,2,2026-03-19,7.84,1.59,1.39,4.21,0.66,22.5,78
118,2,2026-03-20,7.13,1.42,1.64,3.62,0.45,0.1,80
119,2,2026-03-21,7.94,1.62,1.5,4.21,0.61,23.1,80
120,2,2026-03-22,7.83,1.17,2.27,4.11,0.28,22.5,83
121,2,2026-03-23,8.08,1.31,1.34,5.27,0.16,23.6,73
122,2,2026-03-24,7.62,2.18,1.41,3.71,0.32,22.5,83
123,2,2026-03-25,8.07,1.51,2.03,4.2,0.33,21.9,85
124,2,2026-03-26,6.86,0.85,1.36,4.29,0.37,22.5,66
125,2,2026-03-27,8.78,2.19,1.97,4.4,0.21,22.5,93
126,2,2026-03-28,7.56,1.34,1.48,4.4,0.35,22.7,75
127,2,2026-03-29,7.9,1.76,2.02,3.79,0.33,0.0,88
128,2,2026-03-30,7.33,1.06,1.73,4.21,0.32,23.3,70
129,2,2026-03-31,6.95,1.77,1.84,3.13,0.21,21.8,88
130,2,2026-04-01,8.8,1.58,1.71,5.33,0.18,22.7,80
131,2,2026-04-02,8.0,1.86,1.44,4.47,0.24,23.4,84
132,2,2026-04-03,8.49,1.33,2.32,4.33,0.52,23.9,83
133,2,2026-04-04,8.16,1.14,1.91,4.45,0.66,22.3,79
134,2,2026-04-05,7.8,1.55,0.94,4.59,0.73,22.3,76
135,2,2026-04-06,8.26,1.67,2.32,3.71,0.56,22.8,88
136,2,2026-04-07,7.58,1.74,1.19,4.1,0.55,22.1,79
137,2,2026-04-08,8.45,1.68,2.09,4.16,0.52,21.6,85
138,2,2026-04-09,7.57,1.7,1.79,3.45,0.63,23.3,84
139,2,2026-04-10,7.51,1.35,1.75,4.25,0.15,0.3,78
140,2,2026-04-11,8.15,1.93,1.33,4.2,0.69,0.8,81
141,2,2026-04-12,7.57,1.82,1.83,3.7,0.22,23.4,89
142,2,2026-04-13,8.27,1.47,2.22,4.35,0.22,21.8,85
143,2,2026-04-14,8.27,1.79,1.75,4.1,0.63,23.4,87
144,2,2026-04-15,8.8,1.95,2.4,4.0,0.45,0.6,97
145,2,2026-04-16,7.38,1.88,1.63,3.63,0.24,0.1,82
146,2,2026-04-17,8.12,1.89,2.29,3.4,0.54,22.5,89
147,2,2026-04-18,8.57,1.79,2.24,4.36,0.17,23.4,90
148,2,2026-04-19,7.79,2.02,2.03,3.23,0.5,23.4,93
149,2,2026-04-20,7.77,2.08,2.49,2.67,0.53,0.3,100
150,2,2026-04-21,7.77,1.42,1.82,3.99,0.53,22.7,81
151,2,2026-04-22,8.31,1.8,1.6,4.33,0.59,23.7,85
152,2,2026-04-23,7.89,1.8,1.36,4.19,0.55,22.1,78
153,2,2026-04-24,7.46,1.39,1.44,4.26,0.37,22.8,77
154,2,2026-04-25,8.25,1.53,1.31,4.73,0.68,22.3,77
155,2,2026-04-26,7.82,1.64,1.8,3.74,0.64,23.4,75
156,2,2026-04-27,7.77,2.18,1.92,3.22,0.44,23.8,95
157,2,2026-04-28,8.2,1.81,2.62,3.32,0.45,22.7,95
158,2,2026-04-29,8.16,1.98,1.43,4.59,0.17,22.5,85
159,2,2026-04-30,7.67,1.68,2.11,3.56,0.32,21.9,91
160,2,2026-05-01,7.69,1.62,1.11,4.37,0.59,23.7,75
161,2,2026-05-02,8.6,2.13,2.75,3.26,0.45,23.1,100
162,2,2026-05-03,7.75,1.57,2.24,3.69,0.26,22.3,82
163,2,2026-05-04,8.65,2.01,1.85,4.12,0.67,23.3,85
164,2,2026-05-05,8.65,1.74,2.3,3.64,0.98,23.5,88
165,2,2026-05-06,8.05,1.83,1.74,3.61,0.87,23.1,85
166,2,2026-05-07,7.8,1.37,2.11,3.72,0.6,22.6,81
167,2,2026-05-08,8.27,1.3,1.95,4.44,0.57,0.4,83
168,2,2026-05-09,7.98,1.49,1.7,4.53,0.27,0.1,83
169,2,2026-05-10,9.07,2.09,2.66,3.75,0.57,22.9,99
170,2,2026-05-11,7.63,1.4,1.21,4.53,0.5,23.0,70
171,2,2026-05-12,8.4,1.75,1.89,4.4,0.36,23.1,83
172,2,2026-05-13,8.67,1.62,2.16,4.33,0.56,22.4,89
173,2,2026-05-14,7.82,1.7,1.49,4.1,0.52,22.3,82
174,2,2026-05-15,8.67,2.45,1.76,3.85,0.61,22.4,94
175,2,2026-05-16,8.77,1.59,2.3,4.52,0.37,22.8,90
176,2,2026-05-17,7.73,1.88,1.61,3.69,0.55,22.7,87
177,2,2026-05-18,7.68,1.49,1.43,4.27,0.49,0.2,76
178,2,2026-05-19,7.7,1.89,2.27,3.21,0.34,21.8,92
179,2,2026-05-20,8.14,1.53,2.48,3.64,0.49,22.4,90
180,2,2026-05-21,7.3,1.68,1.47,3.71,0.44,23.8,82
181,3,2026-02-21,7.7,1.54,1.74,3.85,0.57,23.5,82
182,3,2026-02-22,7.99,1.69,1.76,4.29,0.24,23.2,84
183,3,2026-02-23,8.96,1.6,1.79,5.19,0.38,23.6,85
184,3,2026-02-24,8.6,1.9,1.82,4.35,0.53,21.7,91
185,3,2026-02-25,8.25,1.99,1.56,4.46,0.24,0.3,89
186,3,2026-02-26,7.74,1.86,1.75,3.69,0.44,23.4,87
187,3,2026-02-27,7.7,1.67,1.71,4.07,0.26,23.3,84
188,3,2026-02-28,8.13,1.74,1.58,4.06,0.75,23.7,85
189,3,2026-03-01,8.64,1.76,1.46,4.56,0.86,23.0,84
190,3,2026-03-02,7.45,1.54,1.99,3.47,0.44,0.0,83
191,3,2026-03-03,8.62,1.52,1.79,4.63,0.68,21.0,84
192,3,2026-03-04,8.02,1.34,1.73,4.52,0.43,22.7,80
193,3,2026-03-05,7.85,1.4,2.51,3.17,0.76,22.1,88
194,3,2026-03-06,8.74,1.65,2.03,4.54,0.51,22.5,88
195,3,2026-03-07,8.75,1.95,1.96,4.55,0.3,22.3,92
196,3,2026-03-08,7.41,1.61,1.44,3.96,0.41,0.1,82
197,3,2026-03-09,8.55,1.71,1.91,4.09,0.83,23.4,83
198,3,2026-03-10,7.87,1.29,1.95,4.03,0.6,22.5,83
199,3,2026-03-11,8.17,1.59,1.83,4.59,0.16,22.8,86
200,3,2026-03-12,8.43,1.54,1.93,4.58,0.38,23.3,85
201,3,2026-03-13,8.14,1.55,2.41,3.54,0.64,22.5,92
202,3,2026-03-14,8.45,1.96,2.25,4.02,0.22,23.8,92
203,3,2026-03-15,7.71,1.49,2.47,3.24,0.51,22.7,90
204,3,2026-03-16,6.84,1.66,1.19,3.72,0.27,22.7,78
205,3,2026-03-17,9.03,2.22,2.17,4.05,0.6,22.5,99
206,3,2026-03-18,8.24,1.78,2.29,3.52,0.65,23.4,93
207,3,2026-03-19,8.16,2.01,1.99,3.85,0.31,22.7,95
208,3,2026-03-20,8.08,1.89,1.81,4.09,0.29,23.0,86
209,3,2026-03-21,8.13,1.74,2.2,3.54,0.65,22.5,92
210,3,2026-03-22,7.67,1.32,1.97,3.7,0.68,22.7,81
211,3,2026-03-23,7.84,1.93,1.94,3.43,0.54,22.0,89
212,3,2026-03-24,8.63,1.67,1.72,4.79,0.46,22.5,86
213,3,2026-03-25,8.1,1.4,2.26,3.77,0.67,21.4,87
214,3,2026-03-26,8.53,1.56,2.27,4.2,0.5,23.0,88
215,3,2026-03-27,8.14,2.07,1.56,3.92,0.59,23.9,88
216,3,2026-03-28,8.65,2.51,1.93,3.52,0.68,22.9,98
217,3,2026-03-29,8.69,1.81,1.9,4.24,0.75,22.6,86
218,3,2026-03-30,7.21,1.33,1.81,3.44,0.63,23.1,79
219,3,2026-03-31,8.8,1.51,1.93,4.88,0.48,22.9,87
220,3,2026-04-01,8.27,1.97,1.85,3.93,0.52,23.0,91
221,3,2026-04-02,7.68,1.61,1.78,3.86,0.44,23.0,85
222,3,2026-04-03,8.19,1.64,2.36,3.89,0.3,22.4,91
223,3,2026-04-04,9.67,1.83,1.84,5.28,0.72,21.3,91
224,3,2026-04-05,7.88,2.11,1.32,4.28,0.16,21.8,85
225,3,2026-04-06,8.41,1.98,1.74,4.06,0.62,0.1,85
226,3,2026-04-07,8.99,1.82,1.29,5.49,0.39,22.7,84
227,3,2026-04-08,7.75,1.49,2.08,3.52,0.66,22.9,83
228,3,2026-04-09,8.58,1.86,2.01,4.04,0.67,23.1,87
229,3,2026-04-10,9.24,1.6,2.04,5.07,0.53,23.4,87
230,3,2026-04-11,8.58,1.72,1.46,4.74,0.66,23.6,82
231,3,2026-04-12,6.94,1.38,1.12,4.11,0.32,22.3,72
232,3,2026-04-13,8.64,1.91,1.64,4.41,0.67,21.9,89
233,3,2026-04-14,8.37,1.6,1.89,4.29,0.59,23.4,86
234,3,2026-04-15,9.0,1.98,2.33,4.22,0.46,23.1,96
235,3,2026-04-16,8.23,1.66,1.3,4.72,0.55,23.3,80
236,3,2026-04-17,7.55,1.2,2.14,3.68,0.53,22.8,80
237,3,2026-04-18,7.48,1.36,2.13,3.52,0.47,22.6,85
238,3,2026-04-19,7.98,1.31,2.21,3.77,0.7,22.6,82
239,3,2026-04-20,7.59,0.91,1.26,5.17,0.25,23.1,68
240,3,2026-04-21,7.6,1.14,1.57,4.35,0.53,23.4,67
241,3,2026-04-22,7.03,1.4,1.22,3.86,0.55,23.6,75
242,3,2026-04-23,7.66,1.43,1.66,4.41,0.15,23.3,81
243,3,2026-04-24,8.14,2.03,1.63,4.1,0.39,21.8,91
244,3,2026-04-25,7.55,1.3,2.06,3.85,0.35,23.1,82
245,3,2026-04-26,8.22,1.56,2.0,4.06,0.59,22.0,89
246,3,2026-04-27,8.58,1.62,1.88,4.47,0.61,22.5,87
247,3,2026-04-28,8.16,1.66,1.98,4.36,0.16,21.5,88
248,3,2026-04-29,8.64,2.2,1.82,4.15,0.48,23.2,94
249,3,2026-04-30,8.31,1.17,1.6,5.09,0.44,23.6,75
250,3,2026-05-01,9.56,2.05,1.81,5.05,0.65,0.1,92
251,3,2026-05-02,8.0,1.39,2.12,3.9,0.59,22.2,84
252,3,2026-05-03,8.35,2.03,2.38,3.45,0.49,22.7,98
253,3,2026-05-04,8.83,1.59,2.28,4.67,0.29,23.9,93
254,3,2026-05-05,7.85,1.9,1.95,3.72,0.28,0.1,87
255,3,2026-05-06,8.89,2.11,1.82,4.48,0.48,23.1,93
256,3,2026-05-07,7.69,1.98,1.83,3.73,0.15,23.3,87
257,3,2026-05-08,8.02,1.71,1.8,3.9,0.61,23.9,87
258,3,2026-05-09,8.23,1.64,1.91,4.18,0.5,22.4,86
259,3,2026-05-10,8.06,1.65,2.26,3.46,0.69,22.5,88
260,3,2026-05-11,8.53,1.56,2.25,4.3,0.42,22.2,87
261,3,2026-05-12,8.02,0.94,1.24,5.39,0.45,23.1,71
262,3,2026-05-13,7.99,1.33,1.65,4.47,0.54,23.5,81
263,3,2026-05-14,7.99,1.91,1.97,3.76,0.36,22.8,88
264,3,2026-05-15,7.63,1.68,2.22,3.17,0.56,0.1,92
265,3,2026-05-16,7.94,1.98,1.8,3.45,0.71,23.0,90
266,3,2026-05-17,8.4,2.11,1.89,3.86,0.54,0.0,91
267,3,2026-05-18,7.99,1.34,2.54,3.7,0.4,23.1,89
268,3,2026-05-19,8.79,1.74,1.76,4.72,0.57,21.6,87
269,3,2026-05-20,7.51,1.44,1.52,4.33,0.22,0.3,72
270,3,2026-05-21,8.26,2.14,1.9,3.87,0.35,23.2,92
271,4,2026-02-21,7.85,1.31,2.25,3.92,0.37,21.5,84
272,4,2026-02-22,8.73,1.69,1.83,5.0,0.22,0.4,85
273,4,2026-02-23,7.32,1.49,1.94,3.39,0.5,23.0,83
274,4,2026-02-24,7.33,1.4,1.81,3.8,0.32,23.2,82
275,4,2026-02-25,8.38,1.97,1.53,4.0,0.87,23.6,88
276,4,2026-02-26,8.05,1.93,2.57,3.29,0.25,22.8,95
277,4,2026-02-27,6.77,1.4,1.64,3.32,0.4,22.5,79
278,4,2026-02-28,6.77,1.38,1.88,3.18,0.33,23.4,80
279,4,2026-03-01,7.19,1.56,1.53,3.78,0.32,22.4,81
280,4,2026-03-02,7.74,1.64,1.35,4.35,0.4,23.0,82
281,4,2026-03-03,7.29,1.81,1.37,3.77,0.34,22.2,82
282,4,2026-03-04,8.69,1.81,1.58,4.58,0.71,23.2,84
283,4,2026-03-05,8.02,1.5,1.56,4.42,0.54,22.6,79
284,4,2026-03-06,8.85,1.44,2.56,4.34,0.51,23.2,90
285,4,2026-03-07,8.19,1.42,2.08,4.54,0.16,22.4,82
286,4,2026-03-08,7.93,1.5,1.91,3.98,0.54,23.6,88
287,4,2026-03-09,8.18,1.54,2.03,4.11,0.51,23.7,87
288,4,2026-03-10,8.38,1.72,1.62,4.65,0.39,22.6,84
289,4,2026-03-11,7.57,1.49,1.86,3.78,0.45,23.0,82
290,4,2026-03-12,7.9,1.41,1.46,4.83,0.2,22.4,77
291,4,2026-03-13,8.08,1.41,1.72,4.39,0.56,23.4,81
292,4,2026-03-14,7.43,1.73,2.03,3.39,0.28,22.3,88
293,4,2026-03-15,8.5,1.65,1.16,5.41,0.27,22.8,81
294,4,2026-03-16,7.43,1.43,1.73,3.61,0.66,22.8,82
295,4,2026-03-17,8.56,2.13,2.47,3.4,0.56,21.4,98
296,4,2026-03-18,8.32,2.01,1.93,3.6,0.79,23.7,92
297,4,2026-03-19,8.07,1.81,1.88,4.22,0.16,22.6,88
298,4,2026-03-20,8.5,1.48,1.83,4.85,0.33,0.4,84
299,4,2026-03-21,8.74,1.51,2.02,4.81,0.41,23.5,86
300,4,2026-03-22,8.61,2.14,2.25,3.2,1.02,22.2,100
301,4,2026-03-23,7.06,1.33,1.15,4.37,0.21,22.2,73
302,4,2026-03-24,7.53,1.32,1.88,3.95,0.38,22.9,82
303,4,2026-03-25,8.45,1.53,1.85,4.49,0.57,21.4,86
304,4,2026-03-26,7.08,1.63,1.87,2.87,0.72,23.1,88
305,4,2026-03-27,8.51,1.74,2.1,3.88,0.79,21.3,91
306,4,2026-03-28,8.19,2.19,1.97,3.27,0.76,22.5,95
307,4,2026-03-29,8.0,1.65,1.14,4.92,0.29,22.1,79
308,4,2026-03-30,8.12,1.73,1.85,3.91,0.62,22.9,81
309,4,2026-03-31,8.81,1.91,2.14,4.28,0.48,23.5,92
310,4,2026-04-01,7.87,1.88,1.49,4.21,0.3,23.5,87
311,4,2026-04-02,8.06,1.58,2.18,3.91,0.39,22.8,89
312,4,2026-04-03,8.49,2.03,2.4,3.61,0.46,24.0,94
313,4,2026-04-04,7.72,1.45,1.12,4.42,0.72,22.3,79
314,4,2026-04-05,7.9,1.38,2.03,4.08,0.41,22.0,83
315,4,2026-04-06,8.55,1.54,1.82,5.02,0.17,21.9,88
316,4,2026-04-07,8.06,1.16,1.36,5.05,0.48,22.6,74
317,4,2026-04-08,8.89,2.25,1.69,4.32,0.63,23.6,93
318,4,2026-04-09,7.81,1.29,1.83,4.24,0.44,22.7,84
319,4,2026-04-10,8.24,1.51,1.53,4.7,0.51,23.3,81
320,4,2026-04-11,7.42,1.73,1.18,4.15,0.36,22.8,79
321,4,2026-04-12,7.68,1.44,2.34,3.57,0.33,1.0,88
322,4,2026-04-13,8.04,1.58,1.93,3.64,0.89,22.2,84
323,4,2026-04-14,7.46,1.36,1.73,4.17,0.19,23.0,80
324,4,2026-04-15,8.96,1.93,2.01,4.6,0.43,23.7,92
325,4,2026-04-16,7.52,1.92,2.28,2.82,0.49,23.0,94
326,4,2026-04-17,8.63,2.1,1.75,4.35,0.43,21.9,93
327,4,2026-04-18,8.08,1.76,1.37,4.54,0.41,21.9,83
328,4,2026-04-19,7.67,1.75,1.59,3.92,0.41,21.7,85
329,4,2026-04-20,8.03,1.6,1.59,4.39,0.45,23.1,82
330,4,2026-04-21,7.57,1.2,2.28,3.73,0.36,22.9,85
331,4,2026-04-22,8.44,2.53,1.49,3.83,0.58,22.4,93
332,4,2026-04-23,7.79,1.45,1.46,4.42,0.46,21.8,79
333,4,2026-04-24,8.1,1.49,1.85,4.35,0.41,22.7,82
334,4,2026-04-25,8.14,1.38,1.75,4.66,0.35,22.3,82
335,4,2026-04-26,6.89,1.66,1.37,3.28,0.57,23.9,81
336,4,2026-04-27,7.39,1.28,2.37,3.04,0.7,23.0,87
337,4,2026-04-28,8.35,1.66,2.16,4.16,0.38,21.4,92
338,4,2026-04-29,7.23,1.43,1.29,4.07,0.42,22.1,77
339,4,2026-04-30,7.42,1.63,1.71,3.64,0.44,23.7,81
340,4,2026-05-01,8.24,2.04,1.75,4.03,0.42,22.0,91
341,4,2026-05-02,7.93,1.92,2.29,3.09,0.63,21.6,93
342,4,2026-05-03,8.48,1.24,2.23,4.57,0.45,23.6,83
343,4,2026-05-04,7.32,1.75,1.25,3.98,0.34,22.2,80
344,4,2026-05-05,7.05,1.43,2.11,2.71,0.8,23.1,86
345,4,2026-05-06,8.54,1.8,2.13,4.16,0.45,23.2,92
346,4,2026-05-07,8.15,1.47,1.8,4.4,0.48,23.7,81
347,4,2026-05-08,7.7,1.66,2.45,2.95,0.64,0.1,94
348,4,2026-05-09,7.93,1.66,2.11,3.44,0.72,21.4,89
349,4,2026-05-10,7.6,1.96,1.76,3.52,0.35,22.0,91
350,4,2026-05-11,8.05,1.46,2.58,3.54,0.48,23.0,92
351,4,2026-05-12,8.42,2.03,2.31,3.4,0.69,22.5,97
352,4,2026-05-13,7.76,1.72,1.59,3.99,0.46,23.3,85
353,4,2026-05-14,8.77,1.51,2.43,4.34,0.49,23.6,95
354,4,2026-05-15,8.39,2.12,2.38,3.16,0.73,0.2,96
355,4,2026-05-16,8.17,1.69,2.17,3.7,0.61,22.8,90
356,4,2026-05-17,8.51,1.88,1.8,4.1,0.73,23.0,91
357,4,2026-05-18,9.04,1.42,1.89,5.19,0.55,23.9,84
358,4,2026-05-19,8.14,1.71,1.48,4.65,0.3,23.3,85
359,4,2026-05-20,7.42,1.44,1.89,3.79,0.3,0.3,85
360,4,2026-05-21,9.08,1.67,1.96,5.27,0.18,22.4,92
361,5,2026-02-21,8.51,1.69,2.16,4.4,0.25,23.6,94
362,5,2026-02-22,7.73,1.59,1.75,4.13,0.27,22.1,89
363,5,2026-02-23,8.38,1.76,2.23,3.83,0.56,23.1,91
364,5,2026-02-24,7.18,1.43,1.66,3.38,0.71,23.5,86
365,5,2026-02-25,9.03,2.14,1.94,4.39,0.56,23.2,97
366,5,2026-02-26,7.61,1.5,1.72,3.69,0.7,21.3,84
367,5,2026-02-27,8.51,1.45,1.45,4.89,0.71,23.6,83
368,5,2026-02-28,9.19,2.39,2.94,3.2,0.65,22.9,100
369,5,2026-03-01,8.65,2.33,1.93,3.99,0.41,22.8,100
370,5,2026-03-02,7.13,1.56,1.17,3.97,0.44,23.7,80
371,5,2026-03-03,7.88,2.06,1.4,3.76,0.66,23.5,90
372,5,2026-03-04,7.45,2.23,1.81,3.09,0.32,21.9,98
373,5,2026-03-05,7.93,1.61,1.87,4.02,0.43,23.5,89
374,5,2026-03-06,7.94,1.22,1.83,4.73,0.16,23.3,84
375,5,2026-03-07,7.86,1.8,2.36,3.38,0.32,23.8,100
376,5,2026-03-08,7.78,2.0,1.68,3.77,0.34,23.5,94
377,5,2026-03-09,7.8,1.4,1.65,4.28,0.46,0.1,83
378,5,2026-03-10,6.9,1.36,1.72,3.38,0.44,0.0,82
379,5,2026-03-11,8.2,1.74,2.18,3.77,0.51,22.7,97
380,5,2026-03-12,7.95,1.33,1.51,4.72,0.39,0.1,79
381,5,2026-03-13,6.81,1.64,1.72,3.28,0.18,23.2,93
382,5,2026-03-14,8.47,1.99,1.15,4.59,0.74,22.4,90
383,5,2026-03-15,8.49,1.99,1.71,4.16,0.62,22.7,95
384,5,2026-03-16,6.93,1.65,1.37,3.62,0.3,22.7,84
385,5,2026-03-17,8.53,1.92,2.32,4.01,0.28,22.4,100
386,5,2026-03-18,7.98,2.1,1.82,3.41,0.65,23.0,96
387,5,2026-03-19,8.04,1.71,1.91,3.84,0.58,0.1,93
388,5,2026-03-20,8.42,2.14,1.72,4.13,0.44,22.4,97
389,5,2026-03-21,8.45,1.77,2.31,4.01,0.35,23.0,98
390,5,2026-03-22,8.29,1.15,2.59,4.1,0.45,21.4,89
391,5,2026-03-23,8.07,1.65,1.82,3.95,0.64,23.6,88
392,5,2026-03-24,8.5,2.02,2.07,3.6,0.81,21.8,99
393,5,2026-03-25,8.1,1.69,2.14,3.93,0.35,21.6,94
394,5,2026-03-26,7.78,1.52,2.13,3.85,0.27,23.9,84
395,5,2026-03-27,9.45,1.97,1.81,5.18,0.49,23.0,96
396,5,2026-03-28,8.33,1.58,2.46,3.98,0.31,21.6,95
397,5,2026-03-29,8.62,1.2,1.94,4.44,1.03,23.0,86
398,5,2026-03-30,7.4,1.48,1.67,3.78,0.47,23.5,84
399,5,2026-03-31,7.6,1.99,1.87,3.18,0.57,22.5,94
400,5,2026-04-01,8.8,1.81,2.19,4.44,0.36,22.2,96
401,5,2026-04-02,8.45,1.66,1.7,4.69,0.4,23.6,89
402,5,2026-04-03,7.63,1.5,1.74,4.22,0.17,21.8,83
403,5,2026-04-04,8.27,1.55,2.29,3.77,0.66,23.6,93
404,5,2026-04-05,9.22,2.02,2.5,4.25,0.45,1.0,100
405,5,2026-04-06,9.05,1.88,2.25,4.13,0.79,22.9,98
406,5,2026-04-07,7.91,1.93,1.94,3.54,0.5,22.3,96
407,5,2026-04-08,7.32,1.62,2.01,3.28,0.41,0.1,92
408,5,2026-04-09,7.9,1.48,1.89,4.07,0.46,23.6,88
409,5,2026-04-10,7.76,1.97,2.45,2.88,0.46,24.0,99
410,5,2026-04-11,8.06,2.18,2.43,2.83,0.62,23.0,100
411,5,2026-04-12,6.73,1.32,1.45,3.68,0.27,23.1,83
412,5,2026-04-13,8.09,1.59,1.64,4.49,0.37,23.9,88
413,5,2026-04-14,8.06,1.7,1.86,3.96,0.54,23.4,95
414,5,2026-04-15,6.58,1.58,1.92,2.82,0.26,22.2,91
415,5,2026-04-16,8.21,1.7,2.14,4.2,0.17,22.1,96
416,5,2026-04-17,9.19,1.84,2.77,3.97,0.62,21.6,100
417,5,2026-04-18,8.35,1.69,1.78,4.33,0.54,23.4,91
418,5,2026-04-19,8.73,2.28,2.31,3.85,0.28,22.6,100
419,5,2026-04-20,9.73,2.35,3.11,3.42,0.86,23.2,100
420,5,2026-04-21,8.64,2.0,1.6,4.52,0.52,24.0,98
421,5,2026-04-22,7.94,1.83,2.19,3.59,0.33,22.6,96
422,5,2026-04-23,7.85,1.57,1.54,4.41,0.33,0.1,88
423,5,2026-04-24,7.71,1.68,1.68,3.71,0.64,0.0,88
424,5,2026-04-25,8.6,1.92,1.97,4.4,0.31,0.6,95
425,5,2026-04-26,7.72,1.77,2.14,3.43,0.38,23.8,94
426,5,2026-04-27,8.54,2.26,1.87,4.11,0.29,22.6,97
427,5,2026-04-28,8.41,1.88,1.93,4.42,0.18,23.4,97
428,5,2026-04-29,9.35,2.23,2.55,3.9,0.67,23.3,100
429,5,2026-04-30,8.5,1.85,1.86,4.41,0.37,22.8,88
430,5,2026-05-01,8.29,1.68,2.07,3.98,0.57,23.7,95
431,5,2026-05-02,9.0,2.04,1.76,4.72,0.48,23.0,97
432,5,2026-05-03,7.42,1.97,1.87,3.08,0.5,0.1,97
433,5,2026-05-04,7.83,1.8,1.82,3.77,0.44,22.4,93
434,5,2026-05-05,9.03,1.85,2.42,4.56,0.2,23.9,99
435,5,2026-05-06,8.76,1.93,2.04,4.19,0.6,0.8,96
436,5,2026-05-07,7.74,2.04,1.74,3.5,0.46,22.8,100
437,5,2026-05-08,8.12,1.81,1.64,4.02,0.65,21.6,90
438,5,2026-05-09,8.29,1.62,1.53,4.61,0.53,21.8,85
439,5,2026-05-10,8.06,1.32,2.02,4.39,0.33,22.6,87
440,5,2026-05-11,7.9,1.32,1.7,4.65,0.23,23.5,80
441,5,2026-05-12,9.45,2.83,2.47,3.42,0.72,21.6,100
442,5,2026-05-13,8.92,2.12,1.95,4.09,0.76,22.8,98
443,5,2026-05-14,7.93,1.81,1.55,3.94,0.64,22.2,89
444,5,2026-05-15,7.29,1.22,1.83,3.9,0.35,21.9,80
445,5,2026-05-16,7.85,1.66,1.49,4.4,0.29,0.7,86
446,5,2026-05-17,7.98,1.74,1.88,3.95,0.41,23.5,95
447,5,2026-05-18,8.65,1.77,1.64,4.5,0.74,22.9,91
448,5,2026-05-19,8.94,1.26,2.16,4.64,0.88,22.7,88
449,5,2026-05-20,7.98,1.74,1.69,4.11,0.43,22.7,92
450,5,2026-05-21,7.64,1.82,1.88,3.44,0.5,23.6,89
451,6,2026-02-21,8.13,1.59,1.78,4.27,0.49,22.2,87
452,6,2026-02-22,7.61,1.38,2.34,3.74,0.15,22.9,86
453,6,2026-02-23,8.78,1.79,2.25,4.2,0.54,22.5,90
454,6,2026-02-24,6.78,1.39,1.31,3.78,0.3,22.6,73
455,6,2026-02-25,8.86,2.44,2.11,3.86,0.45,22.1,96
456,6,2026-02-26,8.28,2.15,1.84,4.12,0.17,23.5,91
457,6,2026-02-27,8.31,1.22,1.9,4.63,0.57,22.9,79
458,6,2026-02-28,7.58,1.77,1.61,3.97,0.23,21.4,84
459,6,2026-03-01,8.66,1.95,2.04,4.24,0.44,22.6,89
460,6,2026-03-02,7.27,1.31,0.99,4.64,0.33,22.8,68
461,6,2026-03-03,8.12,1.57,2.05,3.8,0.71,23.8,83
462,6,2026-03-04,8.14,1.62,1.51,4.4,0.61,0.3,80
463,6,2026-03-05,8.16,2.13,1.37,4.35,0.3,23.7,85
464,6,2026-03-06,7.86,1.79,1.7,4.03,0.34,22.8,82
465,6,2026-03-07,7.07,1.14,1.84,3.54,0.55,23.3,78
466,6,2026-03-08,6.94,1.26,1.19,3.91,0.58,22.5,66
467,6,2026-03-09,7.18,1.36,1.37,3.81,0.64,22.4,73
468,6,2026-03-10,7.2,0.96,1.61,4.27,0.35,21.9,70
469,6,2026-03-11,8.68,1.99,2.03,3.91,0.76,23.5,88
470,6,2026-03-12,7.42,1.21,1.89,3.82,0.5,23.1,77
471,6,2026-03-13,7.58,1.69,1.51,3.94,0.44,0.2,82
472,6,2026-03-14,7.94,1.37,1.6,4.34,0.63,23.2,82
473,6,2026-03-15,8.14,1.63,2.11,4.04,0.35,23.2,90
474,6,2026-03-16,7.66,1.37,1.58,4.31,0.4,23.0,81
475,6,2026-03-17,8.41,0.93,1.79,5.26,0.44,0.2,78
476,6,2026-03-18,7.56,1.62,2.23,3.45,0.26,23.3,91
477,6,2026-03-19,7.59,1.43,1.5,4.32,0.34,1.2,81
478,6,2026-03-20,8.56,2.1,2.2,4.03,0.24,23.3,97
479,6,2026-03-21,8.15,1.28,2.03,4.24,0.6,0.5,77
480,6,2026-03-22,8.13,1.55,1.89,3.97,0.72,21.5,89
481,6,2026-03-23,7.35,1.68,1.7,3.52,0.44,23.8,88
482,6,2026-03-24,7.82,1.2,2.48,3.83,0.31,22.2,86
483,6,2026-03-25,8.67,1.73,2.03,4.31,0.6,23.9,89
484,6,2026-03-26,7.85,1.97,1.14,4.15,0.59,22.3,81
485,6,2026-03-27,8.57,1.73,1.69,4.52,0.63,23.7,84
486,6,2026-03-28,8.56,1.6,1.91,4.54,0.51,23.0,88
487,6,2026-03-29,8.39,1.21,2.05,4.67,0.45,22.3,81
488,6,2026-03-30,7.7,1.55,0.92,4.87,0.35,22.3,75
489,6,2026-03-31,8.19,1.44,1.78,4.22,0.74,23.8,76
490,6,2026-04-01,8.51,1.64,2.17,4.23,0.47,22.8,88
491,6,2026-04-02,8.17,1.5,2.35,3.85,0.46,23.5,86
492,6,2026-04-03,8.67,2.01,1.48,4.58,0.6,23.7,85
493,6,2026-04-04,8.56,1.52,1.79,4.57,0.68,22.4,84
494,6,2026-04-05,7.79,1.93,1.75,3.75,0.35,22.3,86
495,6,2026-04-06,8.01,1.25,1.7,4.53,0.53,0.0,78
496,6,2026-04-07,8.36,1.54,2.33,4.04,0.45,22.0,89
497,6,2026-04-08,7.96,1.99,1.9,3.59,0.48,0.3,90
498,6,2026-04-09,7.41,1.28,1.27,4.36,0.5,23.1,76
499,6,2026-04-10,8.78,1.86,1.88,4.51,0.53,23.1,88
500,6,2026-04-11,7.08,1.99,1.75,2.89,0.45,23.5,90
501,6,2026-04-12,8.36,1.68,1.72,4.37,0.6,23.3,85
502,6,2026-04-13,7.67,1.93,1.88,3.29,0.57,0.1,91
503,6,2026-04-14,7.78,1.56,1.95,3.91,0.35,23.0,84
504,6,2026-04-15,8.15,1.47,2.61,3.81,0.26,22.0,91
505,6,2026-04-16,8.59,1.91,1.6,4.47,0.62,0.2,87
506,6,2026-04-17,8.15,2.38,1.38,3.79,0.6,23.9,90
507,6,2026-04-18,8.3,1.58,1.75,4.4,0.57,23.7,83
508,6,2026-04-19,8.48,2.09,1.68,4.24,0.47,22.2,91
509,6,2026-04-20,7.69,1.75,1.76,3.32,0.86,23.2,83
510,6,2026-04-21,7.91,1.58,1.57,4.29,0.47,23.9,81
511,6,2026-04-22,8.05,1.45,1.55,4.64,0.41,23.1,79
512,6,2026-04-23,8.56,1.39,1.84,4.79,0.54,21.5,82
513,6,2026-04-24,7.59,1.4,1.51,4.2,0.48,22.9,78
514,6,2026-04-25,7.85,1.76,2.4,2.96,0.73,21.5,90
515,6,2026-04-26,8.49,1.78,2.09,4.17,0.44,23.1,91
516,6,2026-04-27,8.09,1.52,1.58,4.58,0.41,23.2,81
517,6,2026-04-28,8.32,1.92,1.76,4.09,0.55,23.8,88
518,6,2026-04-29,8.72,1.84,1.99,4.34,0.56,22.1,91
519,6,2026-04-30,7.87,1.77,2.0,3.67,0.43,23.2,88
520,6,2026-05-01,7.87,1.9,1.9,3.64,0.43,22.7,91
521,6,2026-05-02,8.18,1.66,2.18,3.91,0.43,0.3,90
522,6,2026-05-03,8.61,1.47,1.95,4.79,0.4,22.7,83
523,6,2026-05-04,8.85,1.65,2.1,4.48,0.63,22.2,88
524,6,2026-05-05,7.89,1.47,1.66,4.6,0.16,23.4,84
525,6,2026-05-06,8.99,1.86,1.54,5.17,0.42,22.6,85
526,6,2026-05-07,7.22,1.55,1.8,3.61,0.27,23.6,79
527,6,2026-05-08,8.78,2.3,2.81,3.3,0.37,1.3,100
528,6,2026-05-09,7.49,1.26,1.7,4.18,0.36,23.3,75
529,6,2026-05-10,7.72,1.69,2.32,3.26,0.45,23.1,93
530,6,2026-05-11,8.12,1.89,1.28,4.37,0.58,22.8,81
531,6,2026-05-12,8.1,1.92,1.48,4.37,0.32,21.5,84
532,6,2026-05-13,7.49,1.73,1.6,3.91,0.25,22.6,80
533,6,2026-05-14,7.34,1.29,1.83,3.95,0.27,23.9,81
534,6,2026-05-15,8.06,1.71,1.8,3.94,0.61,23.6,88
535,6,2026-05-16,8.21,1.84,1.84,3.96,0.58,22.7,88
536,6,2026-05-17,8.33,1.79,1.9,4.26,0.38,23.4,91
537,6,2026-05-18,8.45,1.93,1.43,4.37,0.73,22.7,83
538,6,2026-05-19,8.31,1.48,1.96,4.32,0.55,21.8,82
539,6,2026-05-20,8.44,2.13,1.94,3.63,0.74,22.8,91
540,6,2026-05-21,8.32,1.1,2.66,3.81,0.75,22.8,86
541,7,2026-02-21,6.15,1.29,1.04,3.4,0.42,23.3,71
542,7,2026-02-22,7.11,1.8,1.96,2.78,0.57,23.0,90
543,7,2026-02-23,6.75,1.66,1.55,3.33,0.22,0.1,84
544,7,2026-02-24,8.59,1.71,2.69,3.66,0.53,22.7,94
545,7,2026-02-25,6.8,1.64,1.28,3.38,0.51,22.6,77
546,7,2026-02-26,7.19,1.72,1.57,3.53,0.37,23.9,83
547,7,2026-02-27,8.62,2.06,1.87,4.26,0.43,23.1,92
548,7,2026-02-28,7.48,1.26,1.9,3.86,0.46,21.6,79
549,7,2026-03-01,6.89,1.32,1.58,3.31,0.67,23.2,78
550,7,2026-03-02,6.89,1.45,1.49,3.5,0.46,23.5,77
551,7,2026-03-03,7.98,1.56,2.3,3.5,0.62,22.4,84
552,7,2026-03-04,8.76,1.89,1.74,4.31,0.82,0.7,87
553,7,2026-03-05,7.19,1.28,1.54,3.84,0.53,0.0,73
554,7,2026-03-06,7.5,1.45,2.08,3.56,0.4,23.8,79
555,7,2026-03-07,7.1,1.49,1.56,3.63,0.42,22.7,79
556,7,2026-03-08,7.98,1.35,1.51,4.3,0.82,23.8,73
557,7,2026-03-09,5.93,1.1,0.92,3.67,0.24,21.0,65
558,7,2026-03-10,7.39,1.29,1.74,4.16,0.2,23.1,78
559,7,2026-03-11,7.34,1.91,2.17,2.71,0.56,22.7,94
560,7,2026-03-12,8.5,1.3,1.44,5.27,0.5,0.8,76
561,7,2026-03-13,7.3,1.46,1.27,4.0,0.58,23.8,78
562,7,2026-03-14,8.14,1.64,1.75,4.48,0.28,23.1,86
563,7,2026-03-15,6.85,1.2,1.5,3.82,0.34,22.6,74
564,7,2026-03-16,7.56,1.51,1.61,3.96,0.48,22.2,79
565,7,2026-03-17,7.38,1.51,1.22,4.06,0.59,22.3,75
566,7,2026-03-18,7.51,1.82,2.03,3.21,0.46,22.7,89
567,7,2026-03-19,7.9,1.74,1.59,4.21,0.35,21.3,81
568,7,2026-03-20,7.59,1.58,2.13,3.38,0.51,0.1,87
569,7,2026-03-21,7.08,1.73,1.51,3.31,0.53,21.8,84
570,7,2026-03-22,7.4,1.01,1.57,4.31,0.51,22.6,73
571,7,2026-03-23,6.67,1.5,1.48,3.37,0.34,23.0,79
572,7,2026-03-24,8.81,2.02,2.36,3.82,0.61,23.1,91
573,7,2026-03-25,6.17,1.21,1.36,3.46,0.14,22.1,76
574,7,2026-03-26,6.25,1.28,1.65,2.8,0.51,23.3,78
575,7,2026-03-27,6.9,1.04,1.13,4.49,0.24,22.3,71
576,7,2026-03-28,7.42,1.34,1.85,3.82,0.41,23.0,81
577,7,2026-03-29,7.76,1.17,1.79,4.34,0.46,22.7,73
578,7,2026-03-30,8.02,1.89,1.57,4.1,0.45,23.2,85
579,7,2026-03-31,7.18,1.57,1.71,3.2,0.69,21.8,82
580,7,2026-04-01,7.41,1.35,1.91,3.94,0.2,23.3,81
581,7,2026-04-02,7.12,1.34,1.26,4.16,0.36,23.9,78
582,7,2026-04-03,7.38,1.65,2.19,3.07,0.48,22.6,87
583,7,2026-04-04,7.68,1.44,1.61,4.4,0.23,23.7,78
584,7,2026-04-05,7.04,1.42,1.28,3.85,0.48,22.4,74
585,7,2026-04-06,7.52,1.82,2.04,3.21,0.45,21.6,91
586,7,2026-04-07,9.24,2.4,2.41,4.02,0.42,22.9,97
587,7,2026-04-08,6.93,1.62,1.62,3.39,0.31,22.6,80
588,7,2026-04-09,8.2,2.13,2.44,3.02,0.62,22.8,99
589,7,2026-04-10,5.48,1.17,1.27,2.69,0.34,23.0,74
590,7,2026-04-11,6.46,1.38,1.6,3.01,0.48,23.8,76
591,7,2026-04-12,7.68,1.44,1.71,4.05,0.47,23.1,80
592,7,2026-04-13,8.08,1.85,2.56,2.83,0.84,23.1,93
593,7,2026-04-14,5.19,1.28,1.1,2.58,0.23,22.7,72
594,7,2026-04-15,7.31,1.7,1.29,4.04,0.28,23.3,83
595,7,2026-04-16,7.75,1.72,1.53,4.19,0.31,22.6,82
596,7,2026-04-17,7.33,1.73,1.01,4.18,0.41,21.9,75
597,7,2026-04-18,6.64,1.63,1.75,2.8,0.46,23.7,87
598,7,2026-04-19,7.37,1.52,2.36,3.09,0.41,23.6,92
599,7,2026-04-20,7.12,0.94,0.95,4.88,0.34,23.8,60
600,7,2026-04-21,7.71,1.72,1.41,3.88,0.71,22.2,78
601,7,2026-04-22,7.54,1.54,1.68,3.66,0.65,22.4,81
602,7,2026-04-23,6.33,1.2,1.27,3.1,0.76,23.5,62
603,7,2026-04-24,7.29,1.31,1.18,4.51,0.29,23.1,73
604,7,2026-04-25,8.49,2.14,2.13,3.77,0.45,23.2,97
605,7,2026-04-26,7.19,1.88,1.63,3.25,0.42,21.2,86
606,7,2026-04-27,6.91,1.44,1.17,4.0,0.31,23.6,64
607,7,2026-04-28,6.49,1.52,1.35,3.28,0.34,22.1,78
608,7,2026-04-29,7.72,2.19,2.05,3.15,0.33,23.9,96
609,7,2026-04-30,7.11,1.71,1.83,3.43,0.14,22.2,84
610,7,2026-05-01,8.02,1.7,1.54,4.4,0.38,21.5,84
611,7,2026-05-02,7.37,2.01,1.94,2.66,0.77,23.7,89
612,7,2026-05-03,8.22,2.26,2.1,3.4,0.46,23.8,96
613,7,2026-05-04,8.29,1.58,1.67,4.51,0.52,23.7,83
614,7,2026-05-05,7.78,1.22,2.35,3.85,0.37,22.8,84
615,7,2026-05-06,7.11,2.13,1.8,2.88,0.31,23.7,93
616,7,2026-05-07,7.95,1.62,2.13,3.85,0.35,22.6,87
617,7,2026-05-08,6.42,1.14,2.01,2.67,0.6,23.1,82
618,7,2026-05-09,8.67,1.86,2.03,4.25,0.53,22.9,92
619,7,2026-05-10,7.06,1.6,1.59,3.34,0.52,23.8,78
620,7,2026-05-11,7.57,1.3,1.31,4.49,0.48,22.9,71
621,7,2026-05-12,7.6,1.61,2.43,3.3,0.25,21.4,94
622,7,2026-05-13,7.35,1.31,1.69,3.82,0.53,0.0,74
623,7,2026-05-14,6.43,1.18,1.57,3.19,0.49,0.8,74
624,7,2026-05-15,8.01,1.64,1.57,4.41,0.39,22.5,80
625,7,2026-05-16,7.73,1.61,1.34,4.38,0.4,23.7,77
626,7,2026-05-17,7.5,1.61,1.8,3.39,0.69,23.2,81
627,7,2026-05-18,7.0,1.17,1.62,4.07,0.14,22.9,74
628,7,2026-05-19,7.08,1.08,1.3,4.17,0.54,23.2,70
629,7,2026-05-20,7.41,1.56,1.71,3.51,0.63,23.1,82
630,7,2026-05-21,6.37,1.56,1.51,3.0,0.31,22.0,80
631,8,2026-02-21,7.48,1.44,2.13,3.51,0.4,22.3,84
632,8,2026-02-22,7.75,1.71,1.76,3.7,0.57,23.0,85
633,8,2026-02-23,7.13,1.54,1.67,3.52,0.4,0.1,79
634,8,2026-02-24,5.88,1.53,0.92,3.15,0.28,23.0,72
635,8,2026-02-25,7.06,1.56,1.24,3.81,0.46,22.5,76
636,8,2026-02-26,7.33,1.38,1.62,3.97,0.36,22.6,76
637,8,2026-02-27,7.34,1.61,1.43,3.99,0.31,23.5,79
638,8,2026-02-28,7.07,1.5,1.26,4.14,0.17,22.6,71
639,8,2026-03-01,6.92,1.39,1.41,3.6,0.52,22.8,76
640,8,2026-03-02,7.37,1.49,1.71,3.73,0.44,23.4,81
641,8,2026-03-03,6.79,1.62,1.45,3.49,0.23,23.2,80
642,8,2026-03-04,6.56,1.34,1.98,2.94,0.29,23.3,81
643,8,2026-03-05,6.08,1.23,1.1,3.46,0.29,22.1,69
644,8,2026-03-06,7.66,1.72,1.7,3.91,0.33,0.3,83
645,8,2026-03-07,6.74,0.86,1.6,4.02,0.26,23.8,67
646,8,2026-03-08,7.1,1.55,2.01,3.29,0.25,22.5,83
647,8,2026-03-09,7.14,1.7,1.38,3.72,0.34,23.4,82
648,8,2026-03-10,6.83,1.34,1.07,3.71,0.71,21.9,71
649,8,2026-03-11,6.99,1.34,2.07,3.35,0.23,0.6,82
650,8,2026-03-12,7.56,1.51,1.33,4.18,0.54,22.4,75
651,8,2026-03-13,7.92,1.28,1.69,4.56,0.39,22.2,76
652,8,2026-03-14,7.65,1.6,2.06,3.81,0.19,23.9,85
653,8,2026-03-15,8.67,1.53,2.55,4.11,0.47,21.9,90
654,8,2026-03-16,6.86,1.48,1.23,3.83,0.33,23.5,73
655,8,2026-03-17,7.27,1.56,1.69,3.51,0.51,22.7,77
656,8,2026-03-18,7.31,1.19,1.97,3.8,0.35,23.9,71
657,8,2026-03-19,7.1,1.43,1.44,3.95,0.28,21.6,75
658,8,2026-03-20,6.63,1.24,1.54,3.32,0.53,22.6,74
659,8,2026-03-21,6.83,1.08,1.69,3.46,0.6,0.0,77
660,8,2026-03-22,7.71,1.67,2.25,3.27,0.51,23.5,88
661,8,2026-03-23,7.03,1.08,1.36,4.17,0.42,23.0,70
662,8,2026-03-24,8.41,1.67,2.27,4.04,0.43,22.8,88
663,8,2026-03-25,6.27,1.02,1.47,3.4,0.38,23.8,70
664,8,2026-03-26,7.18,1.26,2.15,3.36,0.42,23.9,82
665,8,2026-03-27,6.78,1.38,1.68,3.28,0.43,21.1,76
666,8,2026-03-28,7.15,1.62,1.71,3.34,0.49,21.6,80
667,8,2026-03-29,6.91,1.47,1.68,3.17,0.58,22.9,81
668,8,2026-03-30,7.39,1.41,1.31,4.52,0.15,23.3,75
669,8,2026-03-31,7.18,1.2,1.07,4.39,0.52,22.8,69
670,8,2026-04-01,7.63,1.94,1.06,4.28,0.35,22.8,79
671,8,2026-04-02,7.95,1.09,2.32,4.05,0.5,22.9,80
672,8,2026-04-03,7.09,1.28,1.86,3.68,0.27,23.3,81
673,8,2026-04-04,6.81,1.1,2.15,3.1,0.47,23.5,77
674,8,2026-04-05,7.86,1.17,2.27,4.26,0.16,22.4,81
675,8,2026-04-06,6.78,1.37,1.5,3.52,0.38,23.0,73
676,8,2026-04-07,6.38,0.86,1.52,3.53,0.47,0.3,63
677,8,2026-04-08,6.79,1.48,1.44,3.31,0.57,23.8,76
678,8,2026-04-09,7.16,1.24,1.79,3.61,0.52,22.5,75
679,8,2026-04-10,6.48,1.22,1.84,2.88,0.54,22.1,77
680,8,2026-04-11,6.66,1.6,1.22,3.38,0.47,22.5,76
681,8,2026-04-12,8.14,1.37,2.15,4.1,0.52,23.2,84
682,8,2026-04-13,6.19,0.85,1.36,3.58,0.4,22.1,68
683,8,2026-04-14,6.62,1.42,1.63,3.2,0.38,23.6,78
684,8,2026-04-15,6.64,1.27,1.95,3.02,0.41,23.1,82
685,8,2026-04-16,8.46,1.22,2.08,4.38,0.79,22.7,77
686,8,2026-04-17,7.74,1.28,1.5,4.44,0.52,23.6,74
687,8,2026-04-18,8.07,2.03,1.83,3.53,0.68,22.7,89
688,8,2026-04-19,7.65,1.48,1.78,3.86,0.52,21.7,79
689,8,2026-04-20,6.71,1.39,1.08,3.73,0.51,23.7,73
690,8,2026-04-21,7.49,1.23,2.1,3.41,0.75,23.1,78
691,8,2026-04-22,7.57,1.53,1.85,3.75,0.44,23.0,82
692,8,2026-04-23,7.74,2.04,1.27,3.99,0.45,22.1,81
693,8,2026-04-24,8.18,1.44,1.33,4.8,0.59,0.4,76
694,8,2026-04-25,7.52,1.46,1.75,3.64,0.66,22.3,78
695,8,2026-04-26,7.25,1.35,1.3,4.22,0.39,23.9,74
696,8,2026-04-27,7.42,1.53,1.63,3.74,0.52,22.4,78
697,8,2026-04-28,6.97,1.37,1.6,3.54,0.46,22.9,77
698,8,2026-04-29,6.9,1.96,1.74,2.73,0.47,22.8,87
699,8,2026-04-30,6.9,1.29,1.59,3.87,0.15,21.7,76
700,8,2026-05-01,6.82,1.36,1.43,3.42,0.61,21.8,76
701,8,2026-05-02,6.62,1.53,1.45,3.13,0.51,0.6,77
702,8,2026-05-03,6.77,1.28,1.41,3.94,0.14,22.8,75
703,8,2026-05-04,7.79,1.66,1.93,3.79,0.41,22.5,85
704,8,2026-05-05,7.87,1.36,1.79,4.23,0.5,0.2,78
705,8,2026-05-06,7.77,1.19,1.34,4.69,0.56,22.9,72
706,8,2026-05-07,7.34,1.81,1.82,3.26,0.45,23.6,89
707,8,2026-05-08,7.0,1.69,1.33,3.47,0.51,0.1,78
708,8,2026-05-09,6.34,1.14,1.67,2.99,0.53,22.9,78
709,8,2026-05-10,7.06,1.68,1.99,3.12,0.26,22.0,89
710,8,2026-05-11,7.37,1.57,1.54,3.71,0.54,22.4,79
711,8,2026-05-12,5.93,1.07,1.32,3.22,0.32,22.1,70
712,8,2026-05-13,5.96,1.0,1.48,2.97,0.51,24.0,71
713,8,2026-05-14,6.89,1.16,1.71,3.51,0.5,23.3,79
714,8,2026-05-15,5.91,0.96,1.27,3.27,0.41,23.6,66
715,8,2026-05-16,7.6,1.68,1.82,3.55,0.56,23.3,84
716,8,2026-05-17,7.26,1.35,1.63,3.78,0.51,23.2,76
717,8,2026-05-18,7.44,1.74,1.72,3.63,0.35,23.7,84
718,8,2026-05-19,6.31,0.99,1.45,3.43,0.44,22.0,70
719,8,2026-05-20,6.86,1.16,1.34,3.83,0.54,23.6,68
720,8,2026-05-21,7.16,1.25,1.18,4.1,0.63,23.5,72
721,9,2026-02-21,6.68,1.4,1.42,3.5,0.36,23.3,74
722,9,2026-02-22,6.77,1.24,1.53,3.66,0.34,23.5,75
723,9,2026-02-23,8.23,1.36,1.23,5.48,0.16,22.9,76
724,9,2026-02-24,6.78,1.34,1.52,3.73,0.19,21.5,76
725,9,2026-02-25,7.31,1.41,1.46,4.24,0.2,23.4,75
726,9,2026-02-26,8.0,1.62,1.5,4.38,0.49,21.9,81
727,9,2026-02-27,7.51,1.33,1.0,4.78,0.41,23.4,68
728,9,2026-02-28,7.26,1.45,1.33,3.96,0.52,22.5,80
729,9,2026-03-01,6.08,1.16,1.63,2.97,0.32,0.4,77
730,9,2026-03-02,8.01,1.88,1.94,3.72,0.47,22.8,94
731,9,2026-03-03,7.04,1.48,1.29,4.0,0.27,22.1,76
732,9,2026-03-04,8.43,1.76,1.96,4.38,0.33,23.5,88
733,9,2026-03-05,7.14,1.43,1.29,3.97,0.45,22.7,76
734,9,2026-03-06,6.98,1.6,1.19,3.7,0.5,23.5,79
735,9,2026-03-07,6.83,1.21,1.5,3.67,0.45,22.9,76
736,9,2026-03-08,7.62,1.94,1.58,3.9,0.2,23.7,87
737,9,2026-03-09,8.19,1.67,1.44,4.61,0.47,22.1,80
738,9,2026-03-10,7.69,1.22,1.64,4.53,0.31,23.1,79
739,9,2026-03-11,7.17,1.5,1.65,3.73,0.29,23.5,83
740,9,2026-03-12,7.37,1.29,2.36,3.21,0.51,22.9,86
741,9,2026-03-13,8.04,1.99,1.72,3.79,0.54,22.2,89
742,9,2026-03-14,7.13,1.34,1.63,3.69,0.48,23.4,79
743,9,2026-03-15,7.46,1.22,1.41,4.47,0.37,22.8,75
744,9,2026-03-16,7.42,1.0,1.38,4.46,0.59,22.8,66
745,9,2026-03-17,7.62,1.5,1.81,3.89,0.42,23.5,84
746,9,2026-03-18,6.59,1.32,1.63,3.17,0.47,0.2,80
747,9,2026-03-19,6.93,1.63,1.33,3.37,0.6,23.7,78
748,9,2026-03-20,6.58,1.3,1.41,3.39,0.48,22.8,72
749,9,2026-03-21,6.82,1.52,1.41,3.37,0.52,22.8,77
750,9,2026-03-22,8.56,1.65,1.82,4.31,0.77,22.6,89
751,9,2026-03-23,8.35,1.93,1.87,4.36,0.2,23.0,89
752,9,2026-03-24,7.37,1.72,2.13,3.17,0.34,23.6,88
753,9,2026-03-25,7.51,1.62,1.74,3.98,0.16,22.9,81
754,9,2026-03-26,6.6,1.27,1.74,3.15,0.44,23.9,79
755,9,2026-03-27,7.7,1.31,1.03,4.87,0.48,22.8,74
756,9,2026-03-28,6.67,0.97,1.29,4.04,0.37,23.5,68
757,9,2026-03-29,7.13,1.64,1.21,3.72,0.55,23.0,75
758,9,2026-03-30,7.9,1.55,2.19,3.64,0.52,22.5,88
759,9,2026-03-31,7.43,1.48,1.87,3.81,0.27,23.0,85
760,9,2026-04-01,7.71,1.61,2.21,3.3,0.58,23.0,91
761,9,2026-04-02,7.2,1.4,1.65,3.98,0.17,22.8,78
762,9,2026-04-03,6.47,1.56,1.46,3.09,0.36,23.7,80
763,9,2026-04-04,7.28,1.08,1.52,4.29,0.39,21.6,71
764,9,2026-04-05,6.94,1.36,1.55,3.82,0.21,23.9,79
765,9,2026-04-06,7.23,1.44,1.74,3.73,0.32,23.4,81
766,9,2026-04-07,7.13,1.24,1.79,3.46,0.64,23.6,80
767,9,2026-04-08,7.93,1.48,1.31,4.43,0.71,0.6,79
768,9,2026-04-09,8.25,1.56,1.48,4.88,0.32,21.7,79
769,9,2026-04-10,7.29,1.82,1.62,3.37,0.48,0.1,87
770,9,2026-04-11,6.95,1.76,2.08,2.71,0.4,22.5,91
771,9,2026-04-12,7.63,1.4,1.33,4.25,0.65,24.0,77
772,9,2026-04-13,7.27,1.12,1.23,4.47,0.45,22.6,70
773,9,2026-04-14,6.88,1.49,1.67,3.11,0.6,22.2,77
774,9,2026-04-15,7.09,1.57,1.72,3.16,0.64,23.3,83
775,9,2026-04-16,8.43,1.82,2.27,3.89,0.45,23.0,93
776,9,2026-04-17,8.08,2.1,2.15,3.36,0.47,0.1,96
777,9,2026-04-18,6.09,0.99,1.57,3.17,0.37,23.5,74
778,9,2026-04-19,7.3,1.56,1.39,3.83,0.52,23.8,77
779,9,2026-04-20,7.94,2.02,1.83,3.58,0.52,21.8,88
780,9,2026-04-21,7.15,1.45,1.97,3.39,0.34,23.6,88
781,9,2026-04-22,7.28,1.4,1.71,3.8,0.38,22.7,81
782,9,2026-04-23,6.46,1.3,1.39,3.45,0.32,23.3,78
783,9,2026-04-24,7.93,1.73,2.19,3.44,0.57,22.8,93
784,9,2026-04-25,7.07,1.49,1.77,3.19,0.62,24.0,84
785,9,2026-04-26,7.04,1.4,1.8,3.27,0.57,23.8,83
786,9,2026-04-27,7.16,1.11,1.29,4.29,0.47,23.3,71
787,9,2026-04-28,6.61,1.31,1.65,3.41,0.24,23.9,77
788,9,2026-04-29,7.31,1.82,1.57,3.62,0.29,22.6,88
789,9,2026-04-30,7.06,1.25,1.47,3.88,0.47,22.9,72
790,9,2026-05-01,7.45,1.18,1.86,3.98,0.43,0.3,81
791,9,2026-05-02,6.79,1.0,1.71,3.62,0.45,22.2,77
792,9,2026-05-03,6.44,1.59,1.83,2.88,0.13,22.6,86
793,9,2026-05-04,8.16,1.44,1.62,4.66,0.44,22.1,77
794,9,2026-05-05,6.25,1.43,0.94,3.48,0.41,23.7,72
795,9,2026-05-06,6.16,0.96,1.6,3.17,0.44,22.5,69
796,9,2026-05-07,7.92,1.81,1.83,3.95,0.33,22.7,86
797,9,2026-05-08,7.57,1.51,2.03,3.82,0.22,21.8,86
798,9,2026-05-09,7.25,1.27,1.39,4.41,0.18,23.0,73
799,9,2026-05-10,7.17,1.52,1.6,3.64,0.41,23.9,77
800,9,2026-05-11,6.34,1.3,0.95,3.82,0.27,22.0,69
801,9,2026-05-12,7.85,1.58,1.8,4.18,0.3,22.8,84
802,9,2026-05-13,6.81,1.42,1.25,3.55,0.59,21.7,76
803,9,2026-05-14,6.94,1.77,1.48,3.45,0.23,23.2,84
804,9,2026-05-15,7.16,1.3,1.35,3.68,0.83,22.8,77
805,9,2026-05-16,6.35,1.62,1.65,2.8,0.28,22.3,87
806,9,2026-05-17,7.69,1.46,1.13,4.36,0.74,22.7,73
807,9,2026-05-18,8.11,1.88,1.47,4.11,0.65,22.5,85
808,9,2026-05-19,6.44,1.29,1.64,3.18,0.33,22.8,84
809,9,2026-05-20,7.95,1.59,1.5,4.27,0.59,23.2,73
810,9,2026-05-21,5.85,1.26,1.42,2.81,0.35,23.7,77
811,10,2026-02-21,7.13,1.59,1.24,3.82,0.49,0.6,77
812,10,2026-02-22,6.99,1.34,1.47,3.73,0.44,22.1,77
813,10,2026-02-23,7.46,1.63,1.81,3.84,0.18,23.8,84
814,10,2026-02-24,8.04,1.88,2.0,3.64,0.52,23.8,89
815,10,2026-02-25,8.57,1.51,2.35,4.21,0.5,22.9,89
816,10,2026-02-26,6.63,1.35,1.31,3.63,0.34,22.1,76
817,10,2026-02-27,6.96,1.27,1.57,3.93,0.19,21.8,77
818,10,2026-02-28,7.62,1.38,2.08,3.67,0.49,23.5,84
819,10,2026-03-01,8.25,1.61,1.71,4.29,0.64,23.4,83
820,10,2026-03-02,7.61,2.01,1.81,3.33,0.46,23.0,94
821,10,2026-03-03,6.79,1.39,1.93,3.01,0.47,23.0,82
822,10,2026-03-04,7.18,1.49,1.82,3.35,0.52,22.7,81
823,10,2026-03-05,7.66,1.71,1.48,3.99,0.49,21.3,82
824,10,2026-03-06,7.69,1.72,2.0,3.57,0.4,23.2,89
825,10,2026-03-07,8.2,2.0,1.86,3.83,0.51,23.9,90
826,10,2026-03-08,6.65,1.35,1.93,2.84,0.53,23.3,83
827,10,2026-03-09,6.45,1.29,1.32,3.41,0.43,22.4,74
828,10,2026-03-10,6.49,0.81,1.71,3.62,0.34,23.1,64
829,10,2026-03-11,7.2,1.16,1.22,4.53,0.29,22.4,69
830,10,2026-03-12,7.56,1.34,2.25,3.37,0.61,23.6,84
831,10,2026-03-13,7.33,1.83,1.62,3.44,0.44,23.1,84
832,10,2026-03-14,7.59,1.59,1.51,4.11,0.37,23.5,79
833,10,2026-03-15,7.81,1.5,1.29,4.59,0.44,23.5,76
834,10,2026-03-16,8.42,1.39,1.77,4.83,0.44,0.1,80
835,10,2026-03-17,7.25,1.23,1.78,3.86,0.38,22.0,76
836,10,2026-03-18,7.01,1.86,1.77,2.95,0.44,22.8,90
837,10,2026-03-19,7.81,1.76,1.98,3.58,0.49,23.7,89
838,10,2026-03-20,7.52,1.36,1.58,4.42,0.15,0.6,80
839,10,2026-03-21,7.84,1.37,1.69,4.41,0.37,0.2,78
840,10,2026-03-22,6.59,1.38,1.5,3.2,0.5,22.9,80
841,10,2026-03-23,6.16,1.15,1.12,3.51,0.38,0.1,66
842,10,2026-03-24,6.67,1.32,1.49,3.51,0.35,23.6,80
843,10,2026-03-25,7.57,1.76,1.65,3.67,0.49,23.6,88
844,10,2026-03-26,6.8,1.49,1.53,3.24,0.55,22.8,77
845,10,2026-03-27,7.55,1.5,1.68,3.88,0.49,23.4,80
846,10,2026-03-28,6.36,1.47,0.9,3.7,0.29,22.9,66
847,10,2026-03-29,7.5,1.82,1.11,4.19,0.37,21.3,79
848,10,2026-03-30,7.58,1.68,2.29,3.14,0.47,23.8,93
849,10,2026-03-31,7.67,1.43,1.3,4.43,0.5,21.8,75
850,10,2026-04-01,8.19,1.64,2.28,3.86,0.41,23.2,90
851,10,2026-04-02,7.59,1.57,1.64,3.87,0.51,22.3,84
852,10,2026-04-03,6.44,1.47,1.59,2.98,0.39,0.3,77
853,10,2026-04-04,7.14,1.7,1.66,3.5,0.28,0.5,84
854,10,2026-04-05,8.02,1.62,2.09,3.89,0.42,23.7,87
855,10,2026-04-06,5.9,1.0,1.57,3.0,0.32,23.2,71
856,10,2026-04-07,6.85,1.88,1.99,2.6,0.38,22.7,94
857,10,2026-04-08,8.09,2.17,2.2,2.89,0.84,22.3,93
858,10,2026-04-09,7.08,1.26,1.81,3.55,0.45,22.9,80
859,10,2026-04-10,7.78,1.83,1.27,4.3,0.37,23.7,79
860,10,2026-04-11,7.14,1.3,1.94,3.66,0.24,22.8,82
861,10,2026-04-12,7.88,1.6,2.17,3.73,0.38,0.1,90
862,10,2026-04-13,7.48,1.74,2.0,3.38,0.35,21.4,91
863,10,2026-04-14,7.69,1.62,1.97,3.67,0.43,22.7,87
864,10,2026-04-15,8.6,1.37,2.23,4.58,0.42,22.7,87
865,10,2026-04-16,7.28,1.34,1.87,3.43,0.64,23.4,81
866,10,2026-04-17,7.49,1.32,1.89,3.51,0.77,22.7,82
867,10,2026-04-18,7.09,1.3,1.46,4.19,0.14,23.3,73
868,10,2026-04-19,6.79,1.02,1.73,3.78,0.26,22.7,75
869,10,2026-04-20,8.05,1.2,1.27,5.06,0.53,23.9,72
870,10,2026-04-21,6.46,1.4,1.63,3.29,0.13,23.6,79
871,10,2026-04-22,7.97,1.58,2.25,3.49,0.66,23.1,88
872,10,2026-04-23,7.3,1.35,1.73,3.7,0.52,22.7,79
873,10,2026-04-24,6.41,1.68,1.63,2.77,0.34,23.7,87
874,10,2026-04-25,8.15,0.9,1.95,5.04,0.26,23.4,74
875,10,2026-04-26,7.59,1.74,1.64,4.04,0.17,22.6,85
876,10,2026-04-27,7.49,1.69,1.31,3.88,0.6,22.5,79
877,10,2026-04-28,7.62,1.44,1.81,3.78,0.59,22.0,86
878,10,2026-04-29,7.3,1.66,2.33,2.99,0.31,0.6,94
879,10,2026-04-30,8.86,1.91,2.05,4.49,0.41,22.9,93
880,10,2026-05-01,6.72,1.42,2.0,2.98,0.32,22.8,86
881,10,2026-05-02,6.34,1.35,1.51,3.09,0.39,22.8,78
882,10,2026-05-03,7.23,1.59,1.66,3.51,0.48,23.2,82
883,10,2026-05-04,8.17,1.88,1.98,3.57,0.74,23.3,89
884,10,2026-05-05,8.19,1.82,1.28,4.38,0.7,23.1,79
885,10,2026-05-06,7.41,1.59,1.62,3.72,0.48,22.5,84
886,10,2026-05-07,8.35,1.76,1.87,4.37,0.35,23.2,89
887,10,2026-05-08,7.62,1.69,1.48,4.23,0.21,23.5,85
888,10,2026-05-09,8.68,1.7,2.72,3.69,0.57,23.0,99
889,10,2026-05-10,7.26,1.22,1.99,3.72,0.32,22.4,83
890,10,2026-05-11,8.04,1.21,1.38,4.97,0.48,23.2,76
891,10,2026-05-12,7.63,1.46,2.44,3.3,0.42,22.8,89
892,10,2026-05-13,7.17,1.59,1.92,3.06,0.6,21.8,88
893,10,2026-05-14,7.3,1.61,1.87,3.38,0.44,23.4,86
894,10,2026-05-15,6.79,1.66,1.79,3.12,0.22,22.1,87
895,10,2026-05-16,6.86,1.57,1.25,3.66,0.37,23.4,80
896,10,2026-05-17,7.35,1.55,1.37,3.89,0.53,22.5,80
897,10,2026-05-18,6.81,1.28,1.46,3.65,0.41,22.4,70
898,10,2026-05-19,7.01,1.35,1.15,4.15,0.36,23.3,73
899,10,2026-05-20,6.47,1.49,1.76,2.99,0.23,0.1,80
900,10,2026-05-21,7.26,1.55,1.5,3.63,0.57,23.3,81
901,11,2026-02-21,6.05,0.92,0.95,3.8,0.39,23.5,62
902,11,2026-02-22,7.15,1.28,1.18,4.35,0.33,23.9,67
903,11,2026-02-23,6.17,1.13,1.02,3.61,0.41,22.6,59
904,11,2026-02-24,7.41,1.5,1.4,4.08,0.43,22.6,75
905,11,2026-02-25,5.18,0.75,1.08,3.01,0.34,23.1,56
906,11,2026-02-26,6.52,1.43,1.44,3.17,0.48,21.6,76
907,11,2026-02-27,4.0,0.78,0.63,2.36,0.22,22.8,55
908,11,2026-02-28,8.07,1.65,1.83,3.97,0.62,23.3,85
909,11,2026-03-01,6.23,1.33,1.03,3.46,0.41,21.8,66
910,11,2026-03-02,7.13,1.48,2.1,3.34,0.2,22.5,86
911,11,2026-03-03,7.43,1.5,1.68,3.95,0.3,22.5,81
912,11,2026-03-04,7.57,1.35,1.69,4.09,0.44,22.1,74
913,11,2026-03-05,7.97,1.85,2.55,3.25,0.32,23.7,96
914,11,2026-03-06,5.94,1.24,1.6,2.99,0.12,22.8,79
915,11,2026-03-07,6.38,1.11,1.51,3.24,0.53,22.9,74
916,11,2026-03-08,6.78,1.26,1.43,3.83,0.26,23.9,71
917,11,2026-03-09,7.1,1.48,1.35,3.91,0.36,22.9,78
918,11,2026-03-10,5.75,0.88,1.18,3.29,0.41,22.5,67
919,11,2026-03-11,6.09,1.06,1.26,3.44,0.32,0.7,71
920,11,2026-03-12,7.55,1.65,1.98,3.62,0.3,22.0,82
921,11,2026-03-13,5.48,1.15,0.98,3.16,0.19,22.7,61
922,11,2026-03-14,6.39,1.2,1.4,3.51,0.28,23.5,72
923,11,2026-03-15,6.37,1.23,1.6,3.24,0.3,22.5,77
924,11,2026-03-16,7.33,1.25,1.52,4.04,0.52,0.6,77
925,11,2026-03-17,7.05,1.37,1.62,3.79,0.27,23.1,76
926,11,2026-03-18,6.52,1.23,1.38,3.47,0.44,22.8,69
927,11,2026-03-19,6.9,1.1,1.45,3.75,0.61,23.3,72
928,11,2026-03-20,6.59,1.57,1.03,3.74,0.25,0.4,70
929,11,2026-03-21,6.84,1.27,1.18,3.92,0.47,23.4,72
930,11,2026-03-22,5.75,1.03,1.14,3.21,0.37,22.1,65
931,11,2026-03-23,7.86,1.76,1.64,4.03,0.44,22.9,84
932,11,2026-03-24,6.22,1.13,1.31,3.2,0.57,23.8,72
933,11,2026-03-25,7.29,1.38,1.19,4.29,0.43,23.8,71
934,11,2026-03-26,5.78,1.22,1.81,2.28,0.47,0.1,77
935,11,2026-03-27,6.73,1.4,1.2,3.62,0.51,23.5,71
936,11,2026-03-28,7.25,1.78,1.52,3.55,0.41,23.1,82
937,11,2026-03-29,6.21,1.32,1.01,3.37,0.5,23.0,72
938,11,2026-03-30,6.47,1.12,1.39,3.48,0.48,23.4,71
939,11,2026-03-31,6.39,1.13,1.62,3.35,0.29,23.0,77
940,11,2026-04-01,6.95,1.42,1.78,3.5,0.24,21.5,81
941,11,2026-04-02,6.14,1.44,1.79,2.32,0.59,22.8,80
942,11,2026-04-03,5.26,0.61,1.0,3.36,0.29,0.0,53
943,11,2026-04-04,7.46,1.48,1.36,4.32,0.3,23.2,78
944,11,2026-04-05,7.09,1.34,1.17,4.06,0.52,23.3,70
945,11,2026-04-06,5.64,0.86,1.31,3.16,0.31,0.3,63
946,11,2026-04-07,7.07,1.21,1.51,3.92,0.43,22.4,75
947,11,2026-04-08,6.16,1.35,1.59,2.78,0.44,0.2,80
948,11,2026-04-09,6.72,1.77,1.35,3.33,0.27,21.6,86
949,11,2026-04-10,6.61,1.24,1.65,3.3,0.43,22.0,78
950,11,2026-04-11,6.48,1.17,0.96,4.08,0.26,22.4,67
951,11,2026-04-12,7.65,1.39,1.77,4.26,0.23,24.0,76
952,11,2026-04-13,7.9,1.08,1.54,4.73,0.55,23.5,74
953,11,2026-04-14,6.25,1.15,1.22,3.49,0.39,24.0,71
954,11,2026-04-15,5.87,1.2,1.02,3.4,0.25,23.7,65
955,11,2026-04-16,7.51,1.63,1.24,4.26,0.38,23.7,78
956,11,2026-04-17,7.04,1.21,1.75,3.75,0.32,0.4,77
957,11,2026-04-18,7.98,1.66,2.17,3.66,0.49,23.6,87
958,11,2026-04-19,8.03,1.63,1.71,4.49,0.21,22.9,82
959,11,2026-04-20,7.45,1.64,1.79,3.65,0.37,21.4,85
960,11,2026-04-21,6.16,1.05,1.2,3.47,0.45,0.6,63
961,11,2026-04-22,6.73,1.19,1.36,3.77,0.42,22.3,73
962,11,2026-04-23,6.98,1.48,1.63,3.4,0.48,23.3,81
963,11,2026-04-24,4.96,0.94,0.86,2.98,0.19,22.1,58
964,11,2026-04-25,7.08,1.29,1.06,4.24,0.49,21.8,70
965,11,2026-04-26,6.97,1.42,1.8,3.09,0.67,21.9,81
966,11,2026-04-27,6.96,1.36,1.72,3.43,0.45,22.7,81
967,11,2026-04-28,6.45,1.03,1.67,3.3,0.45,23.7,74
968,11,2026-04-29,6.59,1.16,1.18,3.81,0.44,22.2,72
969,11,2026-04-30,8.03,1.12,1.76,4.42,0.73,23.5,75
970,11,2026-05-01,7.04,1.19,1.2,4.12,0.53,0.2,72
971,11,2026-05-02,6.25,0.92,0.75,4.33,0.25,22.9,59
972,11,2026-05-03,8.1,1.73,1.89,4.05,0.42,22.5,86
973,11,2026-05-04,7.79,1.49,1.01,4.93,0.36,22.3,72
974,11,2026-05-05,6.13,1.2,1.25,3.32,0.36,0.1,69
975,11,2026-05-06,6.24,1.55,1.2,3.1,0.39,22.8,77
976,11,2026-05-07,7.14,1.57,1.78,3.47,0.32,22.1,85
977,11,2026-05-08,9.04,1.74,2.35,4.7,0.25,22.8,93
978,11,2026-05-09,6.6,1.33,0.79,4.06,0.42,22.1,65
979,11,2026-05-10,7.31,1.29,1.45,4.17,0.4,22.2,79
980,11,2026-05-11,6.3,0.95,0.89,3.96,0.51,22.0,63
981,11,2026-05-12,6.99,1.64,1.48,3.57,0.3,23.2,82
982,11,2026-05-13,7.61,1.16,1.6,4.66,0.19,22.7,74
983,11,2026-05-14,7.1,1.3,1.53,4.05,0.23,23.1,79
984,11,2026-05-15,7.62,1.21,1.48,4.4,0.53,24.0,76
985,11,2026-05-16,5.52,1.01,1.26,2.94,0.32,21.0,68
986,11,2026-05-17,7.17,1.69,1.6,3.59,0.28,22.6,82
987,11,2026-05-18,8.23,1.82,2.03,3.83,0.55,22.5,88
988,11,2026-05-19,6.85,1.39,1.73,3.12,0.62,23.9,82
989,11,2026-05-20,5.46,1.02,1.3,2.73,0.39,22.5,68
990,11,2026-05-21,9.38,1.58,1.77,5.42,0.61,0.7,85
991,12,2026-02-21,5.97,1.05,1.52,3.04,0.36,22.7,75
992,12,2026-02-22,6.85,1.22,1.65,3.39,0.59,23.2,77
993,12,2026-02-23,6.78,1.25,1.54,3.57,0.41,23.0,74
994,12,2026-02-24,7.65,1.78,1.18,4.23,0.46,22.4,80
995,12,2026-02-25,6.61,1.38,1.65,3.2,0.38,21.5,80
996,12,2026-02-26,5.88,1.24,0.71,3.44,0.49,23.4,66
997,12,2026-02-27,7.96,1.53,1.14,4.74,0.55,0.0,77
998,12,2026-02-28,7.04,1.06,1.43,4.2,0.35,22.3,67
999,12,2026-03-01,7.55,1.18,1.38,4.7,0.29,21.8,76
1000,12,2026-03-02,6.62,1.4,1.31,3.72,0.2,23.7,77
1001,12,2026-03-03,8.3,1.51,1.73,4.47,0.58,0.3,86
1002,12,2026-03-04,5.85,0.76,1.32,3.32,0.44,23.0,64
1003,12,2026-03-05,5.9,1.18,1.31,3.15,0.26,23.0,68
1004,12,2026-03-06,5.81,1.27,1.24,3.0,0.3,23.0,74
1005,12,2026-03-07,6.55,1.33,1.5,3.34,0.37,23.6,74
1006,12,2026-03-08,7.15,1.3,1.55,3.89,0.41,23.4,78
1007,12,2026-03-09,6.34,1.09,1.84,2.91,0.5,22.4,77
1008,12,2026-03-10,6.79,1.18,1.46,3.72,0.43,24.0,69
1009,12,2026-03-11,6.75,1.16,1.66,3.49,0.44,23.1,74
1010,12,2026-03-12,6.79,1.19,1.41,3.87,0.33,22.4,71
1011,12,2026-03-13,5.8,0.81,1.01,3.65,0.33,23.1,62
1012,12,2026-03-14,6.45,0.74,1.78,3.4,0.53,23.4,69
1013,12,2026-03-15,8.04,1.18,2.26,4.27,0.33,23.2,81
1014,12,2026-03-16,5.53,0.99,1.23,2.99,0.31,23.6,67
1015,12,2026-03-17,6.79,1.17,1.31,3.79,0.52,22.5,70
1016,12,2026-03-18,7.65,1.81,1.22,3.99,0.63,0.6,82
1017,12,2026-03-19,6.91,1.42,1.77,3.34,0.38,23.1,79
1018,12,2026-03-20,5.39,0.95,1.2,2.86,0.38,23.9,67
1019,12,2026-03-21,5.58,0.86,1.54,2.86,0.32,23.2,70
1020,12,2026-03-22,6.48,0.99,1.76,3.41,0.32,22.1,73
1021,12,2026-03-23,6.0,0.66,1.04,4.06,0.24,23.5,57
1022,12,2026-03-24,6.15,1.31,1.66,2.71,0.47,22.8,81
1023,12,2026-03-25,6.61,0.86,1.32,4.15,0.28,23.6,65
1024,12,2026-03-26,8.38,1.55,1.01,5.38,0.44,23.1,74
1025,12,2026-03-27,6.65,1.06,1.46,3.91,0.23,22.2,71
1026,12,2026-03-28,7.26,1.15,1.73,4.14,0.24,0.4,78
1027,12,2026-03-29,5.61,0.92,1.2,3.23,0.27,23.1,64
1028,12,2026-03-30,6.94,1.41,1.63,3.5,0.39,22.9,77
1029,12,2026-03-31,8.8,2.01,1.67,4.58,0.55,22.7,89
1030,12,2026-04-01,6.21,0.83,1.14,3.65,0.6,23.5,61
1031,12,2026-04-02,4.72,1.06,1.22,2.19,0.25,23.6,72
1032,12,2026-04-03,5.78,0.92,1.52,3.02,0.32,21.5,66
1033,12,2026-04-04,6.74,1.28,1.8,3.25,0.41,22.7,80
1034,12,2026-04-05,8.01,1.74,1.67,3.93,0.67,23.2,91
1035,12,2026-04-06,6.64,1.26,1.12,3.93,0.33,23.0,72
1036,12,2026-04-07,6.49,1.44,1.44,3.11,0.5,23.0,75
1037,12,2026-04-08,7.6,1.54,1.66,3.95,0.45,22.2,83
1038,12,2026-04-09,7.08,1.3,1.37,3.82,0.58,22.0,73
1039,12,2026-04-10,6.39,1.4,1.46,3.15,0.38,23.2,80
1040,12,2026-04-11,6.73,0.91,1.31,3.88,0.62,22.5,67
1041,12,2026-04-12,6.28,1.01,1.28,3.69,0.3,23.4,67
1042,12,2026-04-13,6.57,1.27,1.04,3.9,0.35,22.8,67
1043,12,2026-04-14,7.24,1.25,1.88,3.49,0.61,22.2,81
1044,12,2026-04-15,6.24,1.04,1.98,2.9,0.32,0.3,78
1045,12,2026-04-16,5.38,0.75,0.93,3.47,0.23,22.8,57
1046,12,2026-04-17,6.09,0.98,1.58,3.02,0.51,23.8,71
1047,12,2026-04-18,7.15,1.37,1.41,4.08,0.29,23.3,77
1048,12,2026-04-19,5.69,0.87,1.47,2.79,0.56,23.3,70
1049,12,2026-04-20,7.71,1.44,1.29,4.42,0.56,23.5,78
1050,12,2026-04-21,6.72,1.2,1.69,3.56,0.27,22.4,77
1051,12,2026-04-22,6.04,1.2,1.08,3.48,0.28,22.4,69
1052,12,2026-04-23,6.1,0.77,1.24,3.58,0.52,23.1,60
1053,12,2026-04-24,7.8,1.71,1.87,3.74,0.48,23.0,85
1054,12,2026-04-25,7.02,1.12,0.88,4.54,0.49,22.1,64
1055,12,2026-04-26,5.91,1.1,1.24,3.38,0.19,23.1,71
1056,12,2026-04-27,7.52,1.18,2.02,4.11,0.22,0.7,80
1057,12,2026-04-28,6.24,1.15,0.83,3.9,0.37,23.2,64
1058,12,2026-04-29,6.55,1.08,1.13,3.79,0.54,23.0,68
1059,12,2026-04-30,8.12,1.48,1.68,4.34,0.62,21.7,84
1060,12,2026-05-01,5.87,1.34,1.03,3.36,0.14,0.5,73
1061,12,2026-05-02,5.36,0.96,1.11,3.18,0.11,22.8,67
1062,12,2026-05-03,7.25,1.51,1.89,3.47,0.38,23.6,86
1063,12,2026-05-04,5.65,0.72,0.84,3.92,0.17,23.8,53
1064,12,2026-05-05,5.4,1.03,1.08,2.98,0.31,0.1,66
1065,12,2026-05-06,6.25,1.25,1.32,3.32,0.36,0.8,73
1066,12,2026-05-07,5.38,1.16,1.25,2.69,0.27,0.3,70
1067,12,2026-05-08,4.88,0.75,0.74,3.06,0.33,22.1,54
1068,12,2026-05-09,7.17,1.35,1.45,3.88,0.49,22.8,78
1069,12,2026-05-10,5.62,1.46,1.04,3.01,0.11,22.3,68
1070,12,2026-05-11,5.94,1.35,1.43,2.76,0.4,22.7,78
1071,12,2026-05-12,5.98,0.95,1.18,3.39,0.46,23.3,62
1072,12,2026-05-13,6.72,1.24,1.58,3.45,0.44,23.3,72
1073,12,2026-05-14,7.63,1.27,1.37,4.71,0.28,23.1,76
1074,12,2026-05-15,4.96,0.92,0.98,2.64,0.41,22.5,61
1075,12,2026-05-16,6.57,1.46,1.79,3.02,0.3,23.1,84
1076,12,2026-05-17,6.65,1.21,1.26,3.61,0.57,21.5,68
1077,12,2026-05-18,6.25,1.21,1.42,3.07,0.54,24.0,71
1078,12,2026-05-19,6.31,1.37,1.13,3.32,0.5,0.4,68
1079,12,2026-05-20,7.61,1.42,1.51,4.45,0.22,23.2,79
1080,12,2026-05-21,5.85,0.97,0.99,3.59,0.3,23.0,63
1081,13,2026-02-21,6.67,1.03,1.64,3.63,0.37,22.4,73
1082,13,2026-02-22,6.52,1.49,1.39,3.29,0.34,21.8,73
1083,13,2026-02-23,6.02,1.07,1.11,3.69,0.16,22.3,65
1084,13,2026-02-24,7.74,1.73,1.34,4.1,0.57,22.1,75
1085,13,2026-02-25,7.32,1.3,1.74,4.09,0.19,23.5,76
1086,13,2026-02-26,6.67,1.41,1.67,3.18,0.41,22.5,81
1087,13,2026-02-27,7.53,1.48,1.43,4.3,0.31,21.8,81
1088,13,2026-02-28,6.12,1.29,1.31,3.22,0.3,23.6,73
1089,13,2026-03-01,5.76,1.01,1.12,3.2,0.44,21.7,66
1090,13,2026-03-02,5.72,0.69,1.09,3.46,0.48,22.6,57
1091,13,2026-03-03,5.86,1.15,1.42,2.95,0.34,23.5,70
1092,13,2026-03-04,5.34,1.13,1.53,2.31,0.38,21.3,74
1093,13,2026-03-05,5.87,1.11,1.08,3.19,0.5,23.5,64
1094,13,2026-03-06,6.03,1.1,1.05,3.54,0.34,22.6,65
1095,13,2026-03-07,7.58,1.87,1.17,4.37,0.16,22.8,80
1096,13,2026-03-08,5.24,0.91,1.22,2.64,0.47,23.2,65
1097,13,2026-03-09,6.34,0.74,1.31,3.91,0.39,23.5,64
1098,13,2026-03-10,5.95,0.97,0.87,3.98,0.12,22.1,63
1099,13,2026-03-11,5.25,0.98,0.97,3.05,0.26,22.2,64
1100,13,2026-03-12,4.0,0.87,0.65,2.27,0.21,21.8,56
1101,13,2026-03-13,7.42,1.4,1.33,4.31,0.39,0.3,77
1102,13,2026-03-14,6.35,1.05,1.03,4.13,0.14,22.9,63
1103,13,2026-03-15,7.13,1.64,0.95,4.27,0.27,22.5,77
1104,13,2026-03-16,6.49,1.11,1.3,3.64,0.44,22.3,69
1105,13,2026-03-17,7.55,1.55,1.56,3.74,0.69,0.2,81
1106,13,2026-03-18,7.22,0.72,1.93,4.02,0.55,0.6,71
1107,13,2026-03-19,7.8,1.88,1.99,3.25,0.68,0.6,90
1108,13,2026-03-20,7.08,1.07,1.51,4.02,0.48,23.1,76
1109,13,2026-03-21,5.63,0.76,1.02,3.42,0.43,0.3,60
1110,13,2026-03-22,7.78,1.86,1.78,3.94,0.2,22.6,93
1111,13,2026-03-23,6.33,1.03,1.32,3.54,0.44,23.7,70
1112,13,2026-03-24,6.2,0.71,1.13,3.99,0.38,24.0,58
1113,13,2026-03-25,6.27,1.28,1.43,3.18,0.38,23.7,76
1114,13,2026-03-26,6.13,1.02,1.3,3.51,0.29,23.4,68
1115,13,2026-03-27,6.37,1.32,1.42,3.22,0.41,22.6,78
1116,13,2026-03-28,6.26,1.13,1.35,3.41,0.38,0.4,71
1117,13,2026-03-29,5.89,1.08,0.89,3.52,0.4,22.1,66
1118,13,2026-03-30,6.4,1.1,1.42,3.57,0.31,22.5,69
1119,13,2026-03-31,7.93,1.59,1.56,4.35,0.44,0.3,82
1120,13,2026-04-01,6.63,1.15,1.28,3.87,0.33,22.5,73
1121,13,2026-04-02,5.69,0.88,1.04,3.37,0.41,22.7,62
1122,13,2026-04-03,6.51,1.46,1.73,2.97,0.35,22.5,82
1123,13,2026-04-04,5.55,1.06,1.07,3.14,0.29,22.3,59
1124,13,2026-04-05,5.95,1.13,0.93,3.42,0.48,22.6,64
1125,13,2026-04-06,6.52,0.94,1.38,3.86,0.35,23.0,70
1126,13,2026-04-07,7.85,1.5,1.43,4.56,0.36,23.5,79
1127,13,2026-04-08,7.75,1.52,1.89,3.78,0.56,0.1,85
1128,13,2026-04-09,5.03,1.01,1.25,2.6,0.17,22.3,69
1129,13,2026-04-10,5.98,0.97,1.16,3.46,0.39,23.7,67
1130,13,2026-04-11,7.07,1.02,1.17,4.26,0.61,23.5,64
1131,13,2026-04-12,6.49,1.21,1.3,3.53,0.46,22.7,69
1132,13,2026-04-13,6.6,0.82,1.14,4.33,0.31,22.7,61
1133,13,2026-04-14,5.51,0.85,0.77,3.5,0.39,22.9,56
1134,13,2026-04-15,5.13,0.77,1.12,2.99,0.25,22.4,63
1135,13,2026-04-16,6.48,1.22,0.97,3.83,0.46,22.4,69
1136,13,2026-04-17,6.64,1.22,1.27,3.89,0.26,22.8,70
1137,13,2026-04-18,7.74,1.02,2.08,4.21,0.42,23.0,76
1138,13,2026-04-19,6.04,1.06,1.24,3.5,0.24,22.8,72
1139,13,2026-04-20,6.46,1.6,1.11,3.34,0.4,23.2,76
1140,13,2026-04-21,5.82,1.2,1.15,3.35,0.12,23.5,73
1141,13,2026-04-22,5.96,0.98,1.49,3.17,0.32,23.7,72
1142,13,2026-04-23,7.82,1.38,1.99,4.1,0.35,0.8,85
1143,13,2026-04-24,6.23,1.39,1.58,2.85,0.41,22.5,80
1144,13,2026-04-25,6.57,0.8,1.47,3.86,0.44,23.1,67
1145,13,2026-04-26,4.41,0.68,0.83,2.6,0.29,23.2,59
1146,13,2026-04-27,6.57,1.36,1.15,3.59,0.47,23.4,73
1147,13,2026-04-28,6.68,1.1,1.83,3.29,0.47,22.2,75
1148,13,2026-04-29,6.93,1.46,1.34,3.56,0.57,23.3,77
1149,13,2026-04-30,4.83,0.95,0.96,2.58,0.34,23.8,63
1150,13,2026-05-01,6.78,1.58,1.38,3.33,0.49,23.6,77
1151,13,2026-05-02,6.71,1.45,1.31,3.6,0.35,22.0,78
1152,13,2026-05-03,7.03,1.44,1.89,3.17,0.53,22.8,84
1153,13,2026-05-04,5.43,0.99,1.33,2.7,0.41,23.9,69
1154,13,2026-05-05,6.54,1.13,1.21,3.8,0.38,22.9,71
1155,13,2026-05-06,6.93,1.29,1.47,3.85,0.31,23.8,76
1156,13,2026-05-07,6.67,1.18,1.2,4.06,0.22,0.0,71
1157,13,2026-05-08,7.03,0.93,1.69,3.86,0.55,23.1,72
1158,13,2026-05-09,7.97,1.54,1.26,4.63,0.54,23.2,77
1159,13,2026-05-10,6.05,1.18,0.85,3.54,0.48,22.3,64
1160,13,2026-05-11,6.19,1.24,1.53,3.04,0.39,22.4,77
1161,13,2026-05-12,6.21,0.92,1.25,3.53,0.51,23.0,66
1162,13,2026-05-13,7.51,1.78,1.48,3.82,0.42,0.7,83
1163,13,2026-05-14,7.93,1.12,1.86,4.48,0.48,23.7,79
1164,13,2026-05-15,5.97,0.92,1.08,3.68,0.29,23.7,65
1165,13,2026-05-16,5.32,0.81,0.68,3.41,0.43,0.0,53
1166,13,2026-05-17,6.49,1.17,1.53,3.2,0.58,23.3,76
1167,13,2026-05-18,6.14,0.85,1.04,3.87,0.38,22.5,59
1168,13,2026-05-19,6.6,1.03,1.05,4.28,0.24,0.2,64
1169,13,2026-05-20,7.49,1.82,1.8,3.48,0.38,0.1,85
1170,13,2026-05-21,6.29,1.11,1.25,3.8,0.13,0.3,68
1171,14,2026-02-21,7.08,1.39,1.5,3.74,0.45,22.5,76
1172,14,2026-02-22,7.31,1.13,1.67,3.99,0.52,22.8,76
1173,14,2026-02-23,6.79,0.99,1.13,4.23,0.44,23.5,64
1174,14,2026-02-24,5.01,0.96,0.92,2.85,0.28,21.9,58
1175,14,2026-02-25,5.9,1.23,1.24,3.11,0.31,22.9,69
1176,14,2026-02-26,7.07,1.41,1.49,3.59,0.58,23.8,74
1177,14,2026-02-27,6.83,1.21,1.58,3.59,0.45,23.8,70
1178,14,2026-02-28,7.09,0.99,1.11,4.67,0.33,23.8,65
1179,14,2026-03-01,5.66,1.2,1.36,2.63,0.47,23.1,73
1180,14,2026-03-02,5.45,0.81,0.87,3.51,0.27,22.9,55
1181,14,2026-03-03,5.49,1.18,0.81,3.02,0.48,23.9,62
1182,14,2026-03-04,7.24,1.13,1.59,4.27,0.25,23.7,74
1183,14,2026-03-05,6.42,1.04,1.0,4.25,0.13,22.2,61
1184,14,2026-03-06,7.63,1.35,1.6,4.12,0.56,0.4,74
1185,14,2026-03-07,7.71,1.2,1.04,4.65,0.83,0.8,69
1186,14,2026-03-08,7.15,1.19,1.92,3.63,0.41,22.9,81
1187,14,2026-03-09,7.18,1.32,1.12,4.36,0.38,23.5,66
1188,14,2026-03-10,7.15,1.41,1.82,3.54,0.38,23.1,80
1189,14,2026-03-11,4.0,0.65,0.95,2.19,0.21,22.6,56
1190,14,2026-03-12,5.58,1.12,1.24,2.79,0.43,21.6,66
1191,14,2026-03-13,6.69,1.24,1.4,3.73,0.32,22.7,74
1192,14,2026-03-14,7.62,1.09,2.27,3.72,0.53,23.0,79
1193,14,2026-03-15,7.06,0.89,1.22,4.54,0.41,0.1,63
1194,14,2026-03-16,6.69,1.35,1.29,3.58,0.47,0.3,72
1195,14,2026-03-17,7.39,1.32,1.75,3.79,0.53,23.4,76
1196,14,2026-03-18,7.39,1.54,1.48,3.83,0.54,22.7,75
1197,14,2026-03-19,6.07,1.12,1.32,3.46,0.16,23.7,72
1198,14,2026-03-20,4.78,1.37,1.39,1.77,0.26,23.0,81
1199,14,2026-03-21,7.0,1.21,1.58,3.81,0.4,22.9,74
1200,14,2026-03-22,6.62,0.89,1.36,3.95,0.42,23.1,62
1201,14,2026-03-23,6.39,1.36,1.24,3.37,0.41,0.0,69
1202,14,2026-03-24,6.46,1.19,1.31,3.42,0.55,22.8,70
1203,14,2026-03-25,7.4,1.24,1.23,4.4,0.54,22.8,68
1204,14,2026-03-26,7.21,0.77,1.56,4.52,0.37,22.1,67
1205,14,2026-03-27,6.33,1.1,1.37,3.65,0.21,23.3,71
1206,14,2026-03-28,7.67,1.44,1.85,3.75,0.63,24.0,80
1207,14,2026-03-29,8.28,1.47,1.58,4.61,0.63,23.6,77
1208,14,2026-03-30,7.13,1.66,1.47,3.51,0.49,22.2,76
1209,14,2026-03-31,8.46,1.52,1.74,4.75,0.45,22.5,81
1210,14,2026-04-01,6.08,1.03,0.96,3.82,0.27,0.6,65
1211,14,2026-04-02,7.25,1.54,1.89,3.12,0.7,21.6,76
1212,14,2026-04-03,5.79,0.97,1.16,3.35,0.31,22.6,70
1213,14,2026-04-04,6.86,1.28,1.27,4.17,0.14,22.2,71
1214,14,2026-04-05,6.55,1.29,1.21,3.73,0.33,22.1,73
1215,14,2026-04-06,6.3,0.87,1.05,4.17,0.21,22.9,59
1216,14,2026-04-07,6.09,1.34,1.44,2.96,0.36,22.4,75
1217,14,2026-04-08,6.5,1.24,1.34,3.33,0.6,23.4,69
1218,14,2026-04-09,7.48,1.45,1.83,3.87,0.33,22.6,81
1219,14,2026-04-10,7.07,1.43,1.7,3.36,0.58,21.9,79
1220,14,2026-04-11,5.77,1.07,1.03,2.98,0.69,23.4,62
1221,14,2026-04-12,6.75,1.2,1.36,3.78,0.41,23.1,72
1222,14,2026-04-13,6.06,0.99,1.55,2.99,0.53,23.2,67
1223,14,2026-04-14,5.71,1.19,1.6,2.42,0.5,23.6,77
1224,14,2026-04-15,7.87,1.5,1.9,4.1,0.37,23.2,82
1225,14,2026-04-16,7.96,1.44,1.52,4.51,0.49,22.8,83
1226,14,2026-04-17,7.04,1.15,1.93,3.72,0.24,0.0,75
1227,14,2026-04-18,6.05,0.79,1.35,3.58,0.33,22.1,66
1228,14,2026-04-19,5.42,1.03,1.4,2.6,0.39,23.0,71
1229,14,2026-04-20,6.83,1.17,0.99,4.45,0.22,22.8,66
1230,14,2026-04-21,6.48,1.34,1.56,3.11,0.47,22.8,77
1231,14,2026-04-22,5.43,1.03,1.24,3.05,0.11,22.3,66
1232,14,2026-04-23,6.21,1.21,1.15,3.48,0.37,22.8,72
1233,14,2026-04-24,6.69,1.15,1.31,3.97,0.26,23.3,71
1234,14,2026-04-25,7.08,1.13,1.92,3.64,0.38,0.2,78
1235,14,2026-04-26,6.1,0.74,1.39,3.58,0.4,23.0,64
1236,14,2026-04-27,6.29,1.21,1.26,3.49,0.34,23.7,72
1237,14,2026-04-28,6.83,1.4,1.4,3.67,0.36,22.1,74
1238,14,2026-04-29,6.35,0.64,1.2,4.15,0.37,23.5,61
1239,14,2026-04-30,6.4,1.23,0.79,4.0,0.38,21.7,64
1240,14,2026-05-01,6.02,1.19,1.69,2.73,0.41,23.0,80
1241,14,2026-05-02,6.73,1.13,1.31,3.82,0.46,21.9,70
1242,14,2026-05-03,6.99,1.15,1.67,3.61,0.55,21.7,72
1243,14,2026-05-04,6.01,0.89,0.79,4.09,0.24,1.0,56
1244,14,2026-05-05,7.26,1.81,1.83,3.3,0.33,22.7,83
1245,14,2026-05-06,7.19,1.45,1.39,4.14,0.21,1.6,76
1246,14,2026-05-07,6.6,1.17,1.45,3.61,0.36,23.1,71
1247,14,2026-05-08,7.67,1.38,1.27,4.58,0.44,22.6,74
1248,14,2026-05-09,7.67,1.63,1.62,4.16,0.26,22.0,80
1249,14,2026-05-10,6.6,1.26,1.28,3.72,0.33,22.5,70
1250,14,2026-05-11,6.87,0.87,1.24,4.44,0.33,24.0,67
1251,14,2026-05-12,6.22,1.26,1.45,2.98,0.53,0.0,76
1252,14,2026-05-13,6.61,1.12,1.23,3.89,0.36,22.7,67
1253,14,2026-05-14,7.23,1.48,1.76,3.38,0.62,0.5,79
1254,14,2026-05-15,6.92,1.57,1.43,3.34,0.58,23.8,78
1255,14,2026-05-16,7.42,1.37,1.37,4.44,0.24,23.0,73
1256,14,2026-05-17,7.84,1.36,1.9,3.98,0.6,22.8,78
1257,14,2026-05-18,7.49,0.75,1.15,5.28,0.31,22.3,61
1258,14,2026-05-19,6.84,1.29,1.53,3.52,0.49,22.2,75
1259,14,2026-05-20,5.64,1.1,1.05,3.34,0.16,23.8,67
1260,14,2026-05-21,7.53,1.64,1.57,3.78,0.55,0.1,76
1261,15,2026-02-21,5.94,1.23,1.27,2.98,0.47,23.1,65
1262,15,2026-02-22,7.3,1.29,1.03,4.33,0.65,22.2,64
1263,15,2026-02-23,7.66,1.4,1.99,3.64,0.63,23.3,78
1264,15,2026-02-24,7.12,1.43,0.96,4.29,0.44,22.1,68
1265,15,2026-02-25,6.55,0.89,1.0,4.05,0.6,23.9,57
1266,15,2026-02-26,6.81,1.36,1.44,3.53,0.49,22.5,74
1267,15,2026-02-27,7.42,1.3,1.44,4.23,0.45,22.5,69
1268,15,2026-02-28,7.08,1.26,1.7,3.53,0.6,22.4,75
1269,15,2026-03-01,6.5,1.27,1.25,3.53,0.45,23.4,68
1270,15,2026-03-02,7.45,1.21,1.28,4.56,0.4,22.2,70
1271,15,2026-03-03,7.53,1.31,2.41,3.16,0.65,23.0,88
1272,15,2026-03-04,7.49,1.08,2.4,3.66,0.36,22.9,80
1273,15,2026-03-05,5.46,1.18,1.0,2.94,0.34,22.6,70
1274,15,2026-03-06,5.92,0.99,1.35,3.37,0.2,22.4,66
1275,15,2026-03-07,6.95,1.73,1.53,3.4,0.29,22.7,76
1276,15,2026-03-08,6.65,1.14,1.64,3.43,0.43,23.7,72
1277,15,2026-03-09,6.54,1.52,1.39,3.36,0.27,0.7,77
1278,15,2026-03-10,4.74,0.7,0.83,2.69,0.52,0.4,54
1279,15,2026-03-11,7.93,1.42,2.49,3.49,0.53,23.8,85
1280,15,2026-03-12,7.02,1.37,1.5,3.75,0.39,23.5,75
1281,15,2026-03-13,6.84,1.21,1.83,3.66,0.14,23.4,67
1282,15,2026-03-14,7.42,1.7,1.63,3.61,0.48,23.8,80
1283,15,2026-03-15,7.82,1.36,1.74,3.99,0.73,21.3,76
1284,15,2026-03-16,6.03,1.35,1.52,2.73,0.42,22.6,71
1285,15,2026-03-17,6.11,1.07,1.73,3.02,0.29,23.1,75
1286,15,2026-03-18,5.96,1.22,1.11,3.28,0.35,21.7,67
1287,15,2026-03-19,5.57,1.1,0.95,2.96,0.57,21.4,66
1288,15,2026-03-20,5.98,1.1,1.18,3.48,0.23,22.2,65
1289,15,2026-03-21,5.86,1.03,1.71,2.76,0.36,23.9,72
1290,15,2026-03-22,6.96,1.48,0.83,4.27,0.38,0.0,65
1291,15,2026-03-23,6.17,1.45,1.67,2.73,0.31,22.6,77
1292,15,2026-03-24,5.7,0.9,0.89,3.52,0.39,21.8,59
1293,15,2026-03-25,6.93,1.33,0.94,4.03,0.63,23.4,62
1294,15,2026-03-26,7.26,1.18,1.73,3.76,0.6,22.9,73
1295,15,2026-03-27,8.26,1.53,2.13,4.04,0.54,23.5,78
1296,15,2026-03-28,5.8,1.3,1.2,3.05,0.25,0.4,76
1297,15,2026-03-29,6.31,0.91,1.2,3.99,0.21,0.1,62
1298,15,2026-03-30,6.07,1.21,1.61,2.95,0.3,23.4,71
1299,15,2026-03-31,5.83,1.51,1.46,2.54,0.33,22.4,78
1300,15,2026-04-01,6.19,0.99,1.72,3.26,0.22,23.1,68
1301,15,2026-04-02,6.58,1.17,1.35,3.68,0.38,23.7,68
1302,15,2026-04-03,6.75,1.23,0.81,4.26,0.45,21.7,61
1303,15,2026-04-04,6.93,1.49,1.13,3.93,0.38,22.5,70
1304,15,2026-04-05,7.4,1.29,2.0,3.61,0.51,23.2,73
1305,15,2026-04-06,6.52,1.29,0.87,3.95,0.4,22.9,63
1306,15,2026-04-07,6.92,1.14,1.1,4.27,0.42,22.1,64
1307,15,2026-04-08,5.43,1.22,1.37,2.47,0.38,0.0,73
1308,15,2026-04-09,6.55,1.09,1.51,3.6,0.35,22.3,75
1309,15,2026-04-10,6.62,1.11,0.93,4.24,0.34,22.1,62
1310,15,2026-04-11,6.86,1.14,1.77,3.32,0.63,23.5,74
1311,15,2026-04-12,5.55,1.32,1.57,2.33,0.34,0.1,77
1312,15,2026-04-13,5.93,0.68,1.01,3.69,0.56,21.8,54
1313,15,2026-04-14,6.73,1.28,1.32,3.79,0.34,23.1,70
1314,15,2026-04-15,6.1,0.83,1.32,3.46,0.5,23.7,62
1315,15,2026-04-16,6.16,0.96,1.29,3.35,0.56,23.5,66
1316,15,2026-04-17,7.45,1.67,1.79,3.52,0.46,23.5,83
1317,15,2026-04-18,6.25,0.9,1.52,3.3,0.53,22.1,67
1318,15,2026-04-19,7.13,1.6,1.45,3.77,0.31,23.1,76
1319,15,2026-04-20,5.93,0.9,1.29,3.58,0.17,21.8,60
1320,15,2026-04-21,7.0,1.42,1.7,3.2,0.68,23.1,80
1321,15,2026-04-22,7.09,1.08,1.71,3.95,0.35,23.1,72
1322,15,2026-04-23,6.71,1.5,1.12,3.95,0.13,22.8,72
1323,15,2026-04-24,7.17,1.41,1.93,3.33,0.49,22.5,80
1324,15,2026-04-25,4.85,0.87,1.24,2.48,0.25,23.0,65
1325,15,2026-04-26,7.13,1.16,1.74,3.57,0.66,22.9,75
1326,15,2026-04-27,5.6,0.98,0.67,3.58,0.37,23.4,55
1327,15,2026-04-28,7.93,1.39,1.79,4.41,0.34,22.7,76
1328,15,2026-04-29,5.7,1.11,1.22,3.0,0.38,22.5,70
1329,15,2026-04-30,6.73,1.18,1.34,3.79,0.41,23.0,70
1330,15,2026-05-01,7.37,1.38,1.51,4.07,0.42,22.4,75
1331,15,2026-05-02,6.16,1.44,1.02,3.36,0.34,22.7,69
1332,15,2026-05-03,6.35,1.07,1.39,3.73,0.16,23.8,67
1333,15,2026-05-04,6.95,0.94,0.83,4.9,0.28,22.8,58
1334,15,2026-05-05,8.64,1.7,1.18,5.37,0.4,23.0,75
1335,15,2026-05-06,6.4,0.84,1.25,4.03,0.29,22.1,55
1336,15,2026-05-07,6.49,1.25,1.52,3.26,0.46,22.6,69
1337,15,2026-05-08,7.47,1.55,1.72,3.84,0.36,22.6,81
1338,15,2026-05-09,6.79,1.78,1.55,3.13,0.32,22.3,84
1339,15,2026-05-10,6.4,1.65,1.31,2.95,0.5,22.7,80
1340,15,2026-05-11,6.75,1.36,1.24,3.83,0.32,0.3,68
1341,15,2026-05-12,7.41,1.53,1.8,3.57,0.51,0.6,78
1342,15,2026-05-13,6.88,1.46,1.13,3.99,0.3,22.0,71
1343,15,2026-05-14,7.51,0.75,1.41,5.19,0.15,22.3,62
1344,15,2026-05-15,6.08,1.31,1.34,3.17,0.26,23.9,70
1345,15,2026-05-16,6.76,1.29,1.15,4.05,0.27,22.3,70
1346,15,2026-05-17,6.49,1.14,1.72,3.2,0.44,21.0,70
1347,15,2026-05-18,7.43,1.29,1.5,4.31,0.33,22.5,79
1348,15,2026-05-19,5.68,1.12,0.92,3.25,0.38,0.8,62
1349,15,2026-05-20,5.42,0.9,0.65,3.58,0.29,23.5,53
1350,15,2026-05-21,7.68,1.64,2.08,3.11,0.85,0.4,88
